SalePrice,GrLivArea,LotArea,YearBuilt,OverallQual,BedroomAbvGr,FullBath,GarageArea,Neighborhood,HouseStyle,LotFrontage,MasVnrArea
208500,1710,8450,2003,7,3,2,548,CollgCr,2Story,65.0,196.0
181500,1262,9600,1976,6,3,2,460,Veenker,1Story,80.0,0.0
223500,1786,11250,2001,7,3,2,608,CollgCr,2Story,68.0,162.0
140000,1717,9550,1915,7,3,1,642,Crawfor,2Story,60.0,0.0
250000,2198,14260,2000,8,4,2,836,NoRidge,2Story,84.0,350.0
143000,1362,14115,1993,5,1,1,480,Mitchel,1.5Fin,85.0,0.0
307000,1694,10084,2004,8,3,2,636,Somerst,1Story,75.0,186.0
200000,2090,10382,1973,7,3,2,484,NWAmes,2Story,,240.0
129900,1774,6120,1931,7,2,2,468,OldTown,1.5Fin,51.0,0.0
118000,1077,7420,1939,5,2,1,205,BrkSide,1.5Unf,50.0,0.0
129500,1040,11200,1965,5,3,1,384,Sawyer,1Story,70.0,0.0
345000,2324,11924,2005,9,4,3,736,NridgHt,2Story,85.0,286.0
144000,912,12968,1962,5,2,1,352,Sawyer,1Story,,0.0
279500,1494,10652,2006,7,3,2,840,CollgCr,1Story,91.0,306.0
157000,1253,10920,1960,6,2,1,352,NAmes,1Story,,212.0
132000,854,6120,1929,7,2,1,576,BrkSide,1.5Unf,51.0,0.0
149000,1004,11241,1970,6,2,1,480,NAmes,1Story,,180.0
90000,1296,10791,1967,4,2,2,516,Sawyer,1Story,72.0,0.0
159000,1114,13695,2004,5,3,1,576,SawyerW,1Story,66.0,0.0
139000,1339,7560,1958,5,3,1,294,NAmes,1Story,70.0,0.0
325300,2376,14215,2005,8,4,3,853,NridgHt,2Story,101.0,380.0
139400,1108,7449,1930,7,3,1,280,IDOTRR,1.5Unf,57.0,0.0
230000,1795,9742,2002,8,3,2,534,CollgCr,1Story,75.0,281.0
129900,1060,4224,1976,5,3,1,572,MeadowV,1Story,44.0,0.0
154000,1060,8246,1968,5,3,1,270,Sawyer,1Story,,0.0
256300,1600,14230,2007,8,3,2,890,NridgHt,1Story,110.0,640.0
134800,900,7200,1951,5,3,1,576,NAmes,1Story,60.0,0.0
306000,1704,11478,2007,8,3,2,772,NridgHt,1Story,98.0,200.0
207500,1600,16321,1957,5,2,1,319,NAmes,1Story,47.0,0.0
68500,520,6324,1927,4,1,1,240,BrkSide,1Story,60.0,0.0
40000,1317,8500,1920,4,3,1,250,IDOTRR,2Story,50.0,0.0
149350,1228,8544,1966,5,3,1,271,Sawyer,1Story,,0.0
179900,1234,11049,2007,8,3,2,484,CollgCr,1Story,85.0,0.0
165500,1700,10552,1959,5,4,1,447,NAmes,1Story,70.0,0.0
277500,1561,7313,2005,9,2,2,556,NridgHt,1Story,60.0,246.0
309000,2452,13418,2004,8,4,3,691,NridgHt,2Story,108.0,132.0
145000,1097,10859,1994,5,3,1,672,CollgCr,1Story,112.0,0.0
153000,1297,8532,1954,5,3,1,498,NAmes,1Story,74.0,650.0
109000,1057,7922,1953,5,3,1,246,NAmes,1Story,68.0,0.0
82000,1152,6040,1955,4,2,2,0,Edwards,1Story,65.0,0.0
160000,1324,8658,1965,6,3,2,440,NAmes,1Story,84.0,101.0
170000,1328,16905,1959,5,2,1,308,Timber,1Story,115.0,0.0
144000,884,9180,1983,5,2,1,504,SawyerW,SFoyer,,0.0
130250,938,9200,1975,5,3,1,308,CollgCr,1Story,,0.0
141000,1150,7945,1959,5,3,1,300,NAmes,1Story,70.0,0.0
319900,1752,7658,2005,9,2,2,576,NridgHt,1Story,61.0,412.0
239686,2149,12822,2003,7,1,1,670,Mitchel,1.5Fin,48.0,0.0
249700,1656,11096,2006,8,3,2,826,Somerst,1Story,84.0,0.0
113000,1452,4456,1920,4,2,2,0,OldTown,2Story,33.0,0.0
127000,955,7742,1966,5,3,1,386,Sawyer,1Story,66.0,0.0
177000,1470,13869,1997,6,3,2,388,Gilbert,2Story,,0.0
114500,1176,6240,1934,6,3,1,528,BrkSide,1.5Fin,52.0,0.0
110000,816,8472,1963,5,2,1,516,IDOTRR,1Story,110.0,0.0
385000,1842,50271,1981,9,0,0,894,Veenker,1Story,68.0,0.0
130000,1360,7134,1955,5,3,1,572,NAmes,SLvl,60.0,0.0
180500,1425,10175,1964,6,3,2,576,NAmes,1Story,100.0,272.0
172500,1739,2645,1999,8,3,2,480,Somerst,2Story,24.0,456.0
196500,1720,11645,2004,7,3,2,565,CollgCr,2Story,89.0,0.0
438780,2945,13682,2006,10,3,3,641,StoneBr,2Story,66.0,1031.0
124900,780,7200,1972,5,2,1,352,CollgCr,1Story,60.0,0.0
158000,1158,13072,2004,6,3,1,576,SawyerW,1Story,63.0,0.0
101000,1111,7200,1920,5,3,1,288,IDOTRR,2.5Unf,60.0,0.0
202500,1370,6442,2006,8,2,2,484,NridgHt,1Story,44.0,178.0
140000,1710,10300,1921,7,3,2,480,OldTown,2Story,50.0,0.0
219500,2034,9375,1997,7,3,2,645,CollgCr,2Story,,573.0
317000,2473,9591,2004,8,4,2,852,NridgHt,2Story,76.0,344.0
180000,2207,19900,1970,7,3,2,576,NAmes,1Story,,287.0
226000,1479,10665,2003,7,3,2,558,CollgCr,1Story,72.0,167.0
80000,747,4608,1945,4,2,1,220,OldTown,1Story,47.0,0.0
225000,2287,15593,1953,7,3,2,667,ClearCr,1.5Fin,81.0,0.0
244000,2223,13651,1973,7,3,2,516,NAmes,1Story,95.0,1115.0
129500,845,7599,1982,4,2,1,360,Mitchel,1Story,69.0,0.0
185000,1718,10141,1998,7,3,2,427,Gilbert,2Story,74.0,40.0
144900,1086,10200,1954,5,3,1,490,NAmes,1Story,85.0,104.0
107400,1605,5790,1915,3,3,2,379,OldTown,2Story,60.0,0.0
91000,988,1596,1973,4,2,1,297,MeadowV,SLvl,21.0,0.0
135750,952,8475,1956,4,2,1,283,NAmes,1Story,,0.0
127000,1285,8635,1948,5,2,1,240,BrkSide,1.5Fin,50.0,0.0
136500,1768,10778,1968,4,4,2,0,Sawyer,1Story,72.0,0.0
110000,1230,10440,1910,5,2,1,440,OldTown,2Story,60.0,0.0
193500,2142,13000,1968,6,4,2,509,NAmes,2Story,100.0,576.0
153500,1337,4500,1998,6,2,2,405,Mitchel,1Story,32.0,443.0
245000,1563,10206,2007,8,3,2,758,Somerst,1Story,78.0,468.0
126500,1065,8892,1960,5,3,1,461,NAmes,1Story,80.0,66.0
168500,1474,8530,1995,7,3,2,400,Gilbert,SLvl,,22.0
260000,2417,16059,1991,8,4,2,462,NoRidge,2Story,121.0,284.0
174000,1560,11911,2005,6,3,2,400,Gilbert,2Story,122.0,0.0
164500,1224,3951,2009,6,2,2,528,Somerst,2Story,40.0,76.0
85000,1526,8470,1915,3,2,1,0,IDOTRR,1.5Fin,105.0,0.0
123600,990,8070,1994,4,3,1,0,CollgCr,1Story,60.0,0.0
109900,1040,7200,1950,4,2,1,420,NAmes,1Story,60.0,0.0
98600,1235,8500,1961,5,2,1,480,NAmes,1Story,85.0,203.0
163500,964,13360,1921,5,2,1,432,Crawfor,1Story,80.0,0.0
133900,2291,7200,1910,6,4,2,506,OldTown,2.5Unf,60.0,0.0
204750,1786,9337,1997,6,3,2,684,CollgCr,2Story,69.0,0.0
185000,1470,9765,1993,6,3,2,420,Gilbert,2Story,,68.0
214000,1588,10264,1999,7,3,2,472,CollgCr,1Story,78.0,183.0
94750,960,10921,1965,4,3,1,432,Edwards,1Story,73.0,48.0
83000,835,10625,1920,5,2,1,366,Edwards,1Story,85.0,0.0
128950,1225,9320,1959,4,3,1,0,NAmes,1Story,77.0,0.0
205000,1610,10603,1977,6,3,2,480,NWAmes,1Story,,28.0
178000,1732,9206,1985,6,3,2,476,SawyerW,2Story,77.0,336.0
118964,1535,7018,1979,5,4,2,410,SawyerW,1Story,64.0,0.0
198900,1226,10402,2009,7,3,2,740,CollgCr,1Story,94.0,0.0
169500,1818,7758,1931,7,4,1,240,IDOTRR,1.5Fin,,600.0
250000,1992,9375,2003,8,3,2,648,Somerst,2Story,75.0,768.0
100000,1047,10800,1885,4,2,1,273,OldTown,1Story,60.0,0.0
115000,789,6000,1948,5,2,1,250,OldTown,1Story,50.0,0.0
115000,1517,8500,1919,5,3,2,0,IDOTRR,1.5Fin,85.0,0.0
190000,1844,11751,1977,6,3,2,546,NWAmes,1Story,105.0,480.0
136900,1855,9525,1954,6,4,2,325,Edwards,1.5Fin,75.0,0.0
180000,1430,7750,2000,7,3,2,400,Gilbert,SLvl,,0.0
383970,2696,9965,2007,7,4,2,792,CollgCr,2Story,77.0,220.0
217000,2259,21000,1953,6,3,2,450,Crawfor,1Story,,184.0
259500,2320,7259,1945,6,3,2,180,Crawfor,2Story,61.0,0.0
176000,1458,3230,1999,6,2,2,440,Somerst,2Story,34.0,1129.0
139000,1092,11616,1962,5,3,1,288,Sawyer,1Story,,116.0
155000,1125,8536,2006,5,2,1,430,Edwards,1Story,74.0,0.0
320000,3222,12376,1990,7,5,3,594,SawyerW,2Story,90.0,0.0
163990,1456,8461,2005,6,3,2,390,CollgCr,2Story,65.0,0.0
180000,988,21453,1969,6,1,1,540,ClearCr,SLvl,,0.0
100000,1123,6060,1939,4,3,1,264,IDOTRR,1.5Fin,50.0,0.0
136000,1080,9464,1958,6,3,1,288,NAmes,1Story,75.0,135.0
153900,1199,7892,1993,6,2,2,530,SawyerW,1Story,55.0,0.0
181000,1586,17043,1979,6,3,2,435,NWAmes,1Story,48.0,0.0
84500,754,6780,1935,6,2,1,0,IDOTRR,1.5Fin,60.0,0.0
128000,958,4928,1976,6,2,2,440,NPkVill,1Story,,0.0
87000,840,4388,1930,5,3,1,0,OldTown,1.5Unf,55.0,0.0
155000,1348,7590,1966,6,3,1,453,NAmes,2Story,69.0,266.0
150000,1053,8973,1958,5,3,1,750,NAmes,1Story,69.0,85.0
226000,2157,14200,1966,7,4,2,487,NAmes,2Story,88.0,309.0
244000,2054,12224,2000,6,3,2,390,Gilbert,2Story,,40.0
150750,1327,7388,1959,5,3,1,624,NAmes,1Story,75.0,0.0
220000,1296,6853,2001,8,2,2,471,Timber,1Story,,136.0
180000,1721,10335,1968,5,3,2,440,Sawyer,1Story,78.0,0.0
174000,1682,10400,1970,7,3,2,530,NWAmes,1Story,80.0,288.0
143000,1214,10355,1967,5,3,2,318,NAmes,1Story,,196.0
171000,1959,11070,1988,7,5,3,766,Mitchel,1Story,82.0,70.0
230000,1852,9066,1999,8,3,2,660,CollgCr,2Story,73.0,320.0
231500,1764,15426,1997,6,3,2,470,CollgCr,2Story,65.0,0.0
115000,864,10500,1971,4,3,1,0,NAmes,1Story,70.0,0.0
260000,1734,11645,2005,7,3,2,660,CollgCr,1Story,78.0,0.0
166000,1385,8520,1952,5,4,2,720,NAmes,1.5Fin,71.0,0.0
204000,1501,10335,1999,7,3,2,577,CollgCr,1Story,78.0,183.0
125000,1728,9100,1963,5,6,2,504,Sawyer,1Story,70.0,336.0
130000,1709,2522,2004,6,3,2,380,Edwards,2Story,24.0,50.0
105000,875,6120,1931,5,2,1,180,BrkSide,1Story,51.0,0.0
222500,2035,9505,2001,7,3,2,434,Gilbert,2Story,,180.0
141000,1080,7500,2004,7,3,1,0,SawyerW,1Story,63.0,120.0
115000,1344,6240,1936,5,3,1,240,BrkSide,1.5Fin,,0.0
122000,969,10356,1975,5,3,1,440,CollgCr,1Story,120.0,0.0
372402,1710,13891,2007,8,2,2,866,NridgHt,1Story,107.0,436.0
190000,1993,14803,1971,6,4,2,495,NWAmes,2Story,,252.0
235000,1252,13500,1960,6,1,1,564,ClearCr,1Story,,0.0
125000,1200,11340,1923,6,4,1,312,OldTown,1Story,84.0,0.0
79000,1096,9600,1924,6,2,1,0,Edwards,1.5Fin,60.0,0.0
109500,1040,7200,1950,5,2,1,625,NAmes,1Story,60.0,0.0
269500,1968,12003,2009,8,4,2,680,Timber,2Story,92.0,84.0
254900,1947,12552,2004,7,3,2,678,Somerst,2Story,100.0,0.0
320000,2462,19378,2005,7,4,2,576,Gilbert,2Story,134.0,456.0
162500,1232,11120,1984,6,3,2,516,Veenker,1Story,,0.0
412500,2668,13688,2003,9,3,2,726,NridgHt,2Story,110.0,664.0
220000,1541,12182,2005,7,3,2,532,NridgHt,1Story,95.0,226.0
103200,882,5500,1956,4,1,1,0,OldTown,1.5Unf,55.0,0.0
152000,1616,5400,1926,6,3,2,216,OldTown,1Story,40.0,0.0
127500,1355,10106,1940,5,4,2,0,Edwards,1.5Fin,62.0,0.0
190000,1867,10708,1955,5,2,1,303,ClearCr,1Story,,0.0
325624,2161,10562,2007,8,3,1,789,NridgHt,2Story,86.0,300.0
183500,1720,8244,2004,7,3,2,440,Gilbert,2Story,62.0,0.0
228000,1707,16669,1981,8,2,2,511,Timber,1Story,,653.0
128500,1382,12358,1941,5,2,1,660,OldTown,1.5Fin,,0.0
215000,1656,31770,1960,6,3,1,528,NAmes,1Story,141.0,112.0
239000,1767,5306,1987,7,2,2,504,StoneBr,2Story,44.0,0.0
163000,1362,10197,1961,6,3,1,504,NAmes,1Story,80.0,491.0
184000,1651,12416,1986,6,3,2,616,Timber,1Story,47.0,132.0
243000,2158,12615,1950,6,4,2,576,Edwards,1Story,84.0,0.0
211000,2060,10029,1988,6,4,2,521,ClearCr,2Story,97.0,268.0
172500,1920,13650,1958,5,4,2,451,Sawyer,1.5Fin,,0.0
501837,2234,17423,2008,9,1,2,1166,StoneBr,1Story,63.0,748.0
100000,968,8520,1923,5,2,1,480,OldTown,1Story,60.0,0.0
177000,1525,2117,2000,6,3,2,440,Somerst,2Story,,456.0
200100,1802,7588,1920,7,4,1,216,Crawfor,2Story,54.0,0.0
120000,1340,9060,1957,5,3,1,252,Edwards,1Story,60.0,98.0
200000,2082,11426,2003,7,3,2,484,OldTown,1.5Fin,63.0,0.0
127000,1252,7438,1908,5,3,1,576,BrkSide,1.5Fin,92.0,0.0
475000,3608,22950,1892,10,4,2,840,OldTown,2.5Fin,90.0,0.0
173000,1217,9947,1990,7,3,2,497,Mitchel,SLvl,,0.0
135000,1656,10410,1916,5,3,2,180,OldTown,1.5Fin,60.0,0.0
153337,1224,7018,1979,5,2,0,528,SawyerW,SFoyer,64.0,275.0
286000,1593,4923,2001,8,0,1,682,StoneBr,1Story,41.0,0.0
315000,2727,10570,1932,8,3,2,440,Crawfor,2Story,70.0,0.0
184000,1479,7472,1972,7,4,1,484,NAmes,2Story,,138.0
192000,1431,9017,1999,7,3,2,666,CollgCr,1Story,68.0,0.0
130000,1709,2522,2004,7,3,2,380,Edwards,2Story,24.0,50.0
127000,864,7180,1972,5,3,1,352,CollgCr,1Story,60.0,0.0
148500,1456,2280,1976,6,3,2,440,NPkVill,2Story,24.0,0.0
311872,1726,9416,2007,7,3,2,786,Somerst,1Story,79.0,205.0
235000,3112,25419,1918,8,4,2,795,NAmes,2Story,174.0,0.0
104000,2229,5520,1912,6,5,1,0,OldTown,2.5Fin,92.0,0.0
274900,1713,9591,2004,8,3,2,856,NridgHt,1Story,76.0,262.0
140000,1121,8546,2003,4,2,2,440,Edwards,1Story,80.0,0.0
171500,1279,10125,1977,6,3,2,473,Mitchel,1Story,75.0,0.0
112000,1310,7000,1924,6,2,2,398,OldTown,1.5Fin,50.0,0.0
149000,848,4438,2004,6,1,1,420,CollgCr,1Story,,205.0
110000,1284,3500,1947,5,2,1,240,OldTown,1.5Fin,50.0,0.0
180500,1442,11851,1990,7,3,2,500,Gilbert,1Story,99.0,0.0
143900,1696,13673,1962,5,3,1,349,Sawyer,1Story,40.0,0.0
141000,1100,12493,1960,4,3,1,312,NAmes,1Story,,0.0
277000,2062,14364,1988,7,3,2,454,SawyerW,2Story,,128.0
145000,1092,8250,1964,6,3,1,504,NAmes,1Story,75.0,260.0
98000,864,5604,1925,5,2,1,0,Edwards,1Story,67.0,0.0
186000,1212,10420,2009,6,3,2,460,Edwards,1Story,83.0,0.0
252678,1852,8640,2009,7,3,2,644,Somerst,2Story,72.0,0.0
156000,990,13568,1995,5,3,1,576,CollgCr,1Story,43.0,0.0
161750,1392,10900,1977,6,3,1,299,CollgCr,2Story,,153.0
134450,1236,10011,1957,5,2,1,447,NAmes,1Story,72.0,64.0
210000,1436,8450,2004,7,3,2,484,CollgCr,1Story,65.0,266.0
107000,1328,9906,1925,4,3,1,210,OldTown,2Story,57.0,0.0
311500,1954,15660,1939,7,3,1,431,Crawfor,1.5Fin,,312.0
167240,1248,3010,2005,7,2,2,438,Blmngtn,1Story,43.0,16.0
204900,1498,8990,2006,7,2,2,675,CollgCr,1Story,73.0,0.0
200000,2267,8068,2002,6,4,2,390,Gilbert,2Story,,0.0
179900,1552,11475,1975,6,3,2,434,NWAmes,2Story,85.0,0.0
97000,864,10500,1971,4,2,1,576,NAmes,1Story,70.0,0.0
386250,2392,13472,2003,10,3,2,968,NridgHt,1Story,103.0,922.0
112000,1302,1680,1971,5,3,2,280,BrDale,2Story,21.0,142.0
290000,2520,9950,1995,7,4,2,721,NoRidge,2Story,82.0,290.0
106000,987,1869,1970,6,2,1,280,BrDale,2Story,21.0,127.0
125000,912,8521,1967,5,3,1,336,Sawyer,1Story,70.0,0.0
192500,1555,3182,2005,7,2,2,430,Blmngtn,1Story,43.0,16.0
148000,1194,8760,1959,6,3,1,312,NAmes,1Story,73.0,220.0
403000,2794,15138,1995,8,4,2,810,NoRidge,2Story,174.0,506.0
94500,987,1680,1972,6,2,1,288,BrDale,2Story,21.0,297.0
128200,894,10650,1976,5,3,1,308,CollgCr,1Story,75.0,0.0
216500,1960,7851,2002,6,4,2,440,Gilbert,2Story,,
89500,987,1680,1971,6,2,1,264,BrDale,2Story,21.0,604.0
185500,1414,8773,2004,7,3,2,494,CollgCr,1Story,65.0,98.0
194500,1744,9453,1993,7,3,2,457,SawyerW,2Story,,0.0
318000,1694,12030,2007,8,3,2,818,NridgHt,1Story,93.0,254.0
113000,1487,8741,1945,6,3,1,220,Edwards,1.5Fin,52.0,0.0
262500,1566,9000,2008,8,3,2,750,Somerst,1Story,75.0,36.0
110500,866,3880,1945,5,2,1,0,OldTown,1Story,40.0,0.0
79000,1440,5000,1900,5,3,1,352,OldTown,1.5Fin,63.0,0.0
120000,1217,10762,1980,6,3,1,288,SawyerW,2Story,75.0,0.0
205000,2110,8880,1994,7,3,2,463,SawyerW,2Story,,0.0
241500,1872,10400,1988,7,3,2,604,NWAmes,1Story,80.0,102.0
137000,1928,9142,1910,6,4,2,440,OldTown,2Story,69.0,0.0
140000,1375,11310,1954,6,2,1,451,NAmes,1Story,75.0,0.0
180000,1668,11317,2003,7,3,2,500,CollgCr,2Story,72.0,101.0
277000,2144,159000,1958,6,4,2,389,ClearCr,1.5Fin,,472.0
76500,1306,5350,1940,3,3,1,0,BrkSide,1Story,55.0,0.0
235000,1625,4750,2006,8,2,2,538,Crawfor,1Story,44.0,481.0
173000,1640,8366,2004,6,3,2,520,SawyerW,2Story,65.0,0.0
158000,1302,9350,1964,6,3,2,309,NAmes,SLvl,85.0,108.0
145000,1314,8400,1957,5,3,1,294,NAmes,1Story,70.0,0.0
230000,2291,8738,1999,7,4,2,429,Gilbert,2Story,66.0,302.0
207500,1728,8791,2003,6,3,2,673,Somerst,2Story,64.0,0.0
220000,1604,8814,2006,7,3,2,660,CollgCr,1Story,68.0,180.0
231500,1792,12435,2001,7,3,2,564,CollgCr,2Story,80.0,172.0
97000,882,12702,1956,5,2,1,308,OldTown,1Story,70.0,0.0
176000,1382,19296,1962,6,3,1,884,NAmes,SLvl,120.0,399.0
276000,2574,9588,2007,8,3,2,868,CollgCr,2Story,69.0,270.0
151000,1212,8471,1977,6,3,1,492,Sawyer,SLvl,88.0,46.0
130000,1316,5500,1929,5,3,1,484,OldTown,1.5Fin,50.0,0.0
73000,764,5232,1925,5,2,1,504,OldTown,1Story,30.0,0.0
175500,1422,12090,1981,6,3,2,576,NWAmes,1Story,78.0,210.0
185000,1511,11207,1997,6,3,2,413,Gilbert,2Story,70.0,0.0
179500,2192,8400,1939,5,4,2,240,SWISU,2.5Fin,60.0,0.0
120500,778,6900,1940,5,2,1,924,IDOTRR,1Story,71.0,0.0
148000,1113,7917,1976,6,3,1,504,Edwards,1Story,,174.0
266000,1939,10728,2006,8,3,2,1053,Somerst,2Story,84.0,0.0
241500,1363,39104,1954,7,2,1,439,ClearCr,1Story,73.0,0.0
290000,2270,11764,1999,8,4,2,671,NoRidge,2Story,92.0,348.0
139000,1632,9600,1958,6,3,2,338,NAmes,1Story,80.0,183.0
124500,816,8314,1982,5,2,1,264,Mitchel,1Story,76.0,0.0
205000,1548,7264,1925,7,3,2,672,BrkSide,1.5Fin,55.0,0.0
201000,1560,9196,2003,7,3,2,573,Mitchel,1Story,129.0,0.0
141000,864,19138,1951,4,2,1,400,Gilbert,1Story,140.0,0.0
415298,2121,14450,2006,9,3,2,732,NridgHt,1Story,107.0,315.0
192000,2022,10005,1977,7,4,2,505,ClearCr,2Story,83.0,299.0
228500,1982,11287,1989,7,3,2,575,SawyerW,2Story,82.0,340.0
185000,1262,7200,2006,6,2,2,572,Somerst,1Story,60.0,68.0
207500,1314,5063,2007,7,2,2,626,NridgHt,1Story,34.0,166.0
244600,1468,9612,2008,8,3,2,898,Somerst,1Story,74.0,72.0
179200,1575,8012,1992,6,2,2,529,SawyerW,1Story,50.0,0.0
164700,1250,4251,2006,7,2,2,528,Somerst,2Story,35.0,0.0
159000,1734,9786,1962,6,3,1,440,NAmes,1.5Fin,77.0,0.0
88000,858,8125,1971,4,3,1,0,NAmes,1Story,,0.0
122000,900,9819,1967,5,3,1,280,Sawyer,1Story,,31.0
153575,1396,8730,1915,6,3,1,384,BrkSide,2Story,60.0,0.0
233230,1919,15611,2006,8,3,2,685,CollgCr,2Story,120.0,0.0
135900,1716,5687,1912,5,6,2,0,SWISU,2Story,55.0,0.0
131000,1716,11409,1949,5,3,1,281,Edwards,1.5Fin,60.0,0.0
235000,2263,16659,1977,7,3,2,539,NWAmes,2Story,,34.0
167000,1644,9600,1953,6,3,1,418,NAmes,1Story,80.0,238.0
142500,1003,7937,1984,6,3,1,588,Mitchel,SLvl,37.0,0.0
152000,1558,13710,1950,5,4,1,282,IDOTRR,1.5Fin,75.0,0.0
239000,1950,7399,1997,7,3,2,576,Somerst,2Story,66.0,1600.0
175000,1743,11700,1968,6,3,1,539,NWAmes,2Story,90.0,365.0
158500,1152,14000,1950,6,3,1,300,Crawfor,1Story,80.0,0.0
157000,1336,15750,1953,5,2,1,375,Crawfor,1Story,90.0,56.0
267000,2452,16226,1998,8,4,2,683,CollgCr,2Story,66.0,0.0
205000,1541,13704,2001,7,3,2,843,CollgCr,1Story,118.0,150.0
149900,894,9800,1972,5,3,1,552,CollgCr,1Story,70.0,0.0
295000,3493,18386,1880,7,3,3,870,OldTown,2.5Fin,87.0,0.0
305900,2000,10386,2004,8,3,2,888,CollgCr,1Story,80.0,246.0
225000,2243,13474,1990,7,4,2,746,SawyerW,2Story,116.0,246.0
89500,1406,7920,1920,6,3,1,0,IDOTRR,1.5Fin,,0.0
82500,861,12342,1940,4,1,1,539,Edwards,1Story,,0.0
360000,1944,12378,2003,9,3,2,708,NridgHt,1Story,90.0,0.0
165600,1501,7685,1993,6,3,2,420,Gilbert,2Story,,112.0
132000,972,8000,1948,6,2,1,240,NAmes,1Story,50.0,0.0
119900,1118,7800,1939,5,3,1,410,OldTown,1.5Fin,65.0,0.0
375000,2036,215245,1965,7,3,2,513,Timber,1Story,150.0,0.0
178000,1641,9600,1925,7,3,1,546,OldTown,2Story,60.0,0.0
188500,1432,7795,2004,7,3,2,432,Gilbert,2Story,71.0,0.0
260000,2353,13005,1980,7,4,2,484,NWAmes,2Story,94.0,278.0
270000,1959,9000,2006,8,3,2,1025,Somerst,2Story,75.0,0.0
260000,2646,9900,1993,7,4,2,656,NoRidge,2Story,90.0,256.0
187500,1472,14115,1980,7,3,2,588,NWAmes,SLvl,,225.0
342643,2596,16259,2006,9,4,3,840,NridgHt,2Story,111.0,370.0
354000,2468,12099,2004,8,4,2,872,NridgHt,2Story,99.0,388.0
301000,2730,10380,1986,7,4,2,576,SawyerW,2Story,86.0,172.0
126175,1163,5820,1955,3,3,1,220,OldTown,1Story,49.0,0.0
242000,2978,11275,1967,7,5,2,564,NAmes,SLvl,96.0,300.0
87000,803,5000,1941,5,2,1,360,IDOTRR,1.5Unf,50.0,0.0
324000,1719,10846,1993,8,1,1,473,Veenker,1Story,32.0,0.0
145250,1383,11600,1960,6,3,1,292,NAmes,1Story,80.0,175.0
214500,2134,11888,1916,6,5,2,441,BrkSide,2.5Unf,,0.0
78000,1192,6402,1920,5,3,1,189,IDOTRR,2Story,60.0,0.0
119000,1728,10624,1964,5,6,2,352,NAmes,1Story,,84.0
139000,1056,8176,1958,5,3,1,308,NAmes,1Story,70.0,0.0
284000,1629,10655,2003,8,3,2,880,NridgHt,1Story,85.0,296.0
207000,1358,8198,2004,7,2,2,484,NridgHt,1Story,59.0,146.0
192000,1638,9042,1998,6,3,2,472,Gilbert,2Story,59.0,0.0
228950,1786,164660,1965,5,3,2,529,Timber,1.5Fin,,0.0
377426,1922,14157,2005,9,3,2,676,StoneBr,1Story,86.0,200.0
214000,1536,9135,2002,7,3,2,532,CollgCr,1Story,70.0,113.0
202500,1621,14145,1984,7,3,2,440,NWAmes,1Story,91.0,0.0
155000,1215,12400,1958,6,3,1,297,NAmes,1Story,66.0,176.0
202900,1908,14191,2002,8,4,2,431,Timber,2Story,85.0,0.0
82000,841,8400,1950,4,2,1,294,SawyerW,1Story,60.0,0.0
87500,1040,8544,1949,3,2,2,400,NAmes,1Story,,340.0
266000,1684,8849,2005,9,2,2,564,NridgHt,1Story,63.0,616.0
85000,1112,2592,1976,5,3,1,336,MeadowV,2Story,36.0,0.0
140200,1577,6435,1939,6,3,1,312,BrkSide,1.5Fin,65.0,0.0
151500,958,12772,1960,6,2,1,301,NAmes,1Story,,0.0
157500,1478,17600,1960,6,3,2,498,NAmes,1Story,,30.0
154000,1626,2448,2003,7,2,2,474,NridgHt,2Story,36.0,106.0
437154,2728,20431,2005,9,4,2,706,NridgHt,2Story,56.0,870.0
318061,1869,7820,2007,9,2,2,617,NridgHt,1Story,68.0,362.0
190000,1453,5271,1986,7,2,1,445,ClearCr,1Story,,0.0
95000,1111,9084,1941,5,3,1,200,Edwards,1.5Fin,60.0,0.0
105900,720,8520,1928,6,2,1,484,OldTown,1Story,60.0,0.0
140000,1595,8400,1940,6,2,1,240,SWISU,1.5Fin,60.0,0.0
177500,1200,11249,1995,6,3,2,521,CollgCr,1Story,105.0,0.0
173000,1167,9248,1992,6,3,2,400,Gilbert,1Story,,106.0
134000,1142,4224,1976,5,3,1,528,MeadowV,1Story,44.0,0.0
130000,1352,6930,1958,5,3,1,288,ClearCr,SLvl,92.0,120.0
280000,1924,12011,1998,8,3,2,592,NoRidge,2Story,78.0,530.0
156000,912,7540,1978,6,2,1,470,Mitchel,SFoyer,,0.0
145000,1505,9144,1940,5,3,1,240,BrkSide,1.5Fin,,0.0
198500,1922,7301,2003,7,4,3,672,Edwards,SFoyer,64.0,500.0
118000,987,1680,1972,6,2,1,264,BrDale,2Story,21.0,510.0
190000,1574,18800,1976,6,3,2,566,NWAmes,2Story,,120.0
147000,1344,10690,1920,5,3,1,468,IDOTRR,2Story,59.0,0.0
159000,1394,9500,1963,6,3,1,514,NAmes,1Story,,247.0
165000,1431,9150,1962,6,3,1,296,NAmes,SLvl,101.0,305.0
132000,1268,7800,1954,5,2,1,244,NAmes,1Story,78.0,200.0
162000,1287,9830,1959,5,3,1,576,NAmes,1Story,,0.0
172400,1664,8121,2000,6,3,2,460,Gilbert,2Story,,0.0
134432,1588,17120,1959,4,4,2,680,ClearCr,1.5Fin,80.0,0.0
125000,752,7175,1984,6,2,1,264,SawyerW,1Story,50.0,0.0
123000,1319,10634,1953,5,3,1,270,NAmes,1Story,79.0,0.0
219500,1928,8200,2003,7,4,2,434,CollgCr,2Story,65.0,0.0
61000,904,10020,1922,1,1,0,0,Edwards,1Story,,0.0
148000,914,8846,1996,5,2,1,576,CollgCr,SFoyer,57.0,0.0
340000,2466,11143,2004,8,4,3,610,Somerst,2Story,102.0,0.0
394432,1856,11394,2010,9,1,1,834,StoneBr,1Story,88.0,350.0
179000,1800,8123,2000,6,3,2,463,Gilbert,2Story,60.0,16.0
127000,1691,5000,1924,5,3,2,308,SWISU,1.5Fin,50.0,0.0
187750,1301,7200,2006,7,2,2,572,Somerst,1Story,60.0,0.0
213500,1797,9245,2006,7,3,2,639,CollgCr,2Story,79.0,0.0
76000,784,9000,1928,6,2,1,360,SawyerW,1.5Unf,60.0,0.0
240000,1953,53107,1992,6,3,2,501,ClearCr,2Story,,0.0
192000,1269,3182,2004,8,2,2,430,Blmngtn,1Story,43.0,16.0
81000,1184,8410,1910,5,5,1,0,Edwards,1.5Fin,58.0,0.0
125000,1125,7200,1976,6,3,1,352,Edwards,SLvl,72.0,255.0
191000,1479,9382,1999,7,3,2,577,CollgCr,1Story,93.0,125.0
426000,2332,12474,2007,10,3,2,846,NridgHt,2Story,96.0,272.0
119000,1367,8405,1900,5,4,1,384,Edwards,1.5Fin,50.0,0.0
215000,1961,12209,2001,6,3,2,560,Mitchel,2Story,71.0,0.0
106500,882,8339,1959,5,3,1,294,NAmes,1Story,,0.0
100000,788,7446,1941,4,2,1,0,BrkSide,1Story,,0.0
109000,1034,10134,1940,5,2,1,240,OldTown,1.5Fin,60.0,0.0
129000,1144,9571,1956,5,3,1,596,Edwards,1Story,68.0,0.0
123000,894,7200,1972,5,2,1,600,CollgCr,1Story,60.0,0.0
169500,1812,7590,1962,5,4,2,264,NAmes,2Story,69.0,288.0
67000,1077,8967,1920,5,2,1,338,IDOTRR,1Story,60.0,0.0
241000,1550,8125,2006,7,2,2,438,Somerst,2Story,65.0,100.0
245500,1288,14963,1996,8,1,1,500,Veenker,1Story,38.0,0.0
164990,1310,8767,2005,7,3,2,400,CollgCr,1Story,65.0,0.0
108000,672,10200,1940,5,2,1,240,Sawyer,1Story,60.0,0.0
258000,2263,12090,1998,8,4,2,420,NoRidge,2Story,93.0,650.0
168000,1572,10364,1995,6,3,2,373,Gilbert,2Story,,0.0
150000,1620,9991,1976,4,3,2,490,Sawyer,1Story,,0.0
115000,1639,10480,1936,6,3,1,240,SWISU,1.5Fin,51.0,0.0
177000,1680,15576,1915,6,4,2,308,Crawfor,2Story,63.0,0.0
280000,2172,14154,2006,7,3,2,947,NridgHt,2Story,109.0,350.0
339750,2078,10800,2007,8,3,2,836,Somerst,2Story,85.0,100.0
60000,1276,9571,1958,5,3,1,350,Edwards,1Story,68.0,0.0
145000,1056,34650,1955,5,3,1,572,Gilbert,1Story,100.0,0.0
222000,1478,4403,2009,7,2,2,484,Somerst,1Story,,432.0
115000,1028,8960,1927,5,2,1,360,OldTown,1Story,56.0,0.0
228000,2097,11228,1993,7,3,2,678,SawyerW,2Story,59.0,0.0
181134,1340,8899,2007,7,3,2,396,Gilbert,1Story,73.0,0.0
149500,1400,7844,1978,6,3,1,440,Sawyer,2Story,74.0,203.0
239000,2624,22420,1918,6,4,2,864,Crawfor,2Story,86.0,0.0
126000,1134,8160,1940,5,3,1,240,Edwards,1.5Fin,60.0,0.0
142000,1056,8450,1968,5,3,1,304,NAmes,1Story,65.0,0.0
206300,1344,7060,1997,7,2,2,784,Mitchel,SFoyer,78.0,200.0
215000,1602,16635,1977,6,3,2,529,NWAmes,1Story,,126.0
113000,988,21750,1954,5,2,1,520,Mitchel,1Story,100.0,0.0
315000,2630,9200,1998,8,4,2,696,NoRidge,2Story,80.0,473.0
139000,1196,9000,1956,6,2,1,297,NAmes,1Story,72.0,74.0
135000,1389,3378,1946,7,3,1,240,OldTown,2Story,60.0,0.0
275000,1644,12800,1989,7,2,2,569,SawyerW,SLvl,,145.0
109008,907,8593,1957,4,3,1,352,NAmes,1Story,77.0,0.0
195400,1208,6762,2007,7,2,2,628,CollgCr,1Story,64.0,108.0
175000,1412,11457,1988,6,3,2,576,Timber,1Story,130.0,0.0
85400,987,1680,1971,6,2,1,264,BrDale,2Story,21.0,232.0
79900,1198,5586,1920,6,4,1,0,OldTown,1.5Fin,60.0,0.0
122500,1365,1920,1971,5,2,1,440,BrDale,2Story,24.0,376.0
181000,1604,10839,1997,6,3,2,470,Gilbert,2Story,100.0,0.0
81000,630,1890,1972,4,1,1,0,MeadowV,SFoyer,21.0,0.0
212000,1661,10667,1996,7,3,2,550,CollgCr,2Story,43.0,0.0
116000,1118,4400,1920,6,2,1,440,OldTown,1.5Fin,40.0,0.0
119000,904,6000,1926,6,2,1,180,BrkSide,1.5Unf,50.0,0.0
90350,694,4280,1913,5,2,1,352,Crawfor,1Story,40.0,0.0
110000,1196,12354,1920,6,3,1,528,Edwards,1.5Fin,67.0,0.0
555000,2402,15431,2008,10,2,2,672,NridgHt,1Story,105.0,200.0
118000,1440,12108,1955,4,4,2,0,Edwards,1Story,92.0,270.0
162900,1573,6240,1930,5,3,2,360,BrkSide,1.5Fin,52.0,0.0
172500,1258,3922,2006,7,2,2,648,Blmngtn,1Story,53.0,72.0
210000,1908,8750,1994,7,4,2,493,CollgCr,2Story,70.0,0.0
127500,1689,9855,1956,6,3,1,480,Edwards,1Story,73.0,0.0
190000,1888,16492,1966,6,2,2,578,NAmes,1Story,137.0,0.0
199900,1886,11214,1998,7,4,2,431,Gilbert,2Story,,0.0
119500,1376,8600,1937,6,3,2,198,IDOTRR,1.5Fin,50.0,0.0
120000,1183,6000,1948,3,2,1,308,OldTown,1.5Fin,50.0,0.0
110000,813,5684,1930,6,2,1,270,OldTown,1Story,70.0,0.0
280000,1533,70761,1975,7,2,2,576,ClearCr,1Story,62.0,0.0
204000,1756,9303,1996,6,3,2,422,Timber,2Story,,42.0
210000,1590,9000,2008,8,3,2,676,Somerst,2Story,75.0,0.0
188000,1728,9297,1976,5,4,2,560,Mitchel,1Story,63.0,0.0
175500,1242,9600,1973,7,3,1,528,NWAmes,1Story,80.0,320.0
98000,1344,4571,1916,5,4,1,513,OldTown,2Story,34.0,0.0
256000,1663,53227,1954,4,2,1,529,ClearCr,1Story,,0.0
161000,1666,5100,1925,8,3,1,228,OldTown,2Story,,0.0
110000,1203,7015,1950,5,3,1,352,BrkSide,1.5Fin,,161.0
263435,1935,8004,2009,8,3,2,552,Somerst,2Story,75.0,110.0
155000,1135,7200,1936,7,3,1,576,SWISU,2Story,60.0,0.0
62383,864,8281,1965,5,3,1,360,Sawyer,1Story,60.0,0.0
188700,1660,11988,1934,6,3,1,240,Crawfor,2Story,74.0,0.0
124000,1040,8430,1978,5,3,2,0,CollgCr,1Story,60.0,136.0
178740,1414,3072,2004,7,2,2,398,Blmngtn,1Story,,18.0
167000,1277,10628,1970,7,2,1,526,NAmes,1Story,85.0,0.0
146500,1644,9480,1942,5,3,1,312,NAmes,2Story,79.0,224.0
250000,1634,11428,2006,8,3,2,866,NridgHt,1Story,98.0,248.0
187000,1710,9291,1993,6,3,2,506,SawyerW,2Story,76.0,120.0
212000,1502,6820,1985,8,1,1,528,StoneBr,1Story,,0.0
190000,1969,11952,1977,7,3,2,534,NWAmes,2Story,92.0,0.0
148000,1072,3675,2005,6,2,1,525,Edwards,SLvl,35.0,80.0
440000,1976,14977,2006,8,2,2,908,NridgHt,1Story,110.0,304.0
251000,1652,5330,2000,8,2,2,499,StoneBr,1Story,41.0,0.0
132500,970,8480,1963,5,2,1,624,Sawyer,1Story,80.0,0.0
208900,1493,13125,1997,6,3,2,508,CollgCr,1Story,75.0,215.0
380000,2643,13693,2006,9,3,2,694,NridgHt,2Story,105.0,772.0
297000,1718,10637,2007,8,3,2,826,CollgCr,1Story,79.0,336.0
89471,1131,5925,1937,4,2,1,672,OldTown,1Story,50.0,435.0
326000,1850,16033,2004,9,3,2,772,NridgHt,1Story,98.0,378.0
374000,1792,11846,2003,9,2,2,874,NridgHt,1Story,72.0,562.0
155000,1826,2500,1915,7,4,1,164,OldTown,2Story,50.0,0.0
164000,1216,4500,1998,6,2,2,402,Mitchel,1Story,32.0,116.0
132500,999,7758,1962,5,3,1,264,Sawyer,1Story,,0.0
147000,1113,9600,1950,5,3,1,264,NAmes,1Story,80.0,0.0
156000,1073,10289,1965,5,3,1,515,NAmes,1Story,79.0,168.0
175000,1484,12243,1971,5,3,2,487,NWAmes,1Story,70.0,0.0
160000,2414,10800,1900,5,3,2,520,OldTown,1.5Fin,60.0,0.0
86000,630,1526,1970,4,1,1,286,MeadowV,SFoyer,21.0,0.0
115000,1304,2665,1976,5,3,1,336,MeadowV,2Story,,0.0
133000,1578,9490,1941,6,3,1,240,NAmes,1.5Fin,79.0,0.0
172785,1456,15578,2006,6,3,2,429,Gilbert,2Story,105.0,0.0
155000,1269,7931,1960,5,3,1,308,NAmes,1Story,70.0,0.0
91300,886,5784,1938,5,2,1,273,OldTown,1Story,50.0,0.0
34900,720,7879,1920,4,2,1,0,IDOTRR,1Story,60.0,0.0
430000,3228,12692,1992,8,4,3,546,NoRidge,1Story,,0.0
184000,1820,9120,1925,7,4,2,240,BrkSide,1.5Fin,60.0,0.0
130000,899,7800,1967,5,3,1,288,Sawyer,1Story,65.0,89.0
120000,912,7535,1958,5,2,1,297,NAmes,1Story,70.0,0.0
113000,1218,1890,1973,6,3,1,264,BrDale,2Story,21.0,285.0
226700,1768,9803,2005,7,3,2,603,Somerst,2Story,75.0,0.0
140000,1214,9170,1965,5,2,1,461,Edwards,1Story,70.0,0.0
289000,1801,15602,1959,7,1,2,484,Crawfor,1Story,100.0,0.0
147000,1322,2308,1974,6,3,2,440,NPkVill,2Story,24.0,0.0
124500,1960,7596,1952,5,4,2,400,OldTown,2Story,60.0,360.0
215000,1911,9554,1993,8,3,2,471,SawyerW,2Story,80.0,125.0
208300,1218,7862,2009,6,2,2,676,Somerst,1Story,75.0,0.0
161000,1378,9600,1928,7,3,2,360,OldTown,2Story,60.0,0.0
124500,1041,9600,1959,5,3,1,270,NAmes,1Story,80.0,132.0
164900,1363,14559,1951,5,2,1,288,NAmes,1Story,75.0,70.0
202665,1368,6792,2005,7,2,2,474,NridgHt,1Story,40.0,94.0
129900,864,9100,1958,5,3,1,624,NAmes,1Story,70.0,0.0
134000,1080,9187,1983,6,3,1,484,Mitchel,1Story,71.0,0.0
96500,789,10594,1926,5,2,1,200,Crawfor,1.5Unf,55.0,0.0
402861,2020,12220,2009,10,3,2,900,NridgHt,1Story,94.0,305.0
158000,2119,10448,1972,6,3,2,583,NWAmes,SLvl,,333.0
265000,2344,10208,1996,7,3,2,889,NoRidge,2Story,79.0,921.0
211000,1796,9531,1998,6,3,2,546,CollgCr,2Story,,0.0
234000,2080,10918,1926,7,3,1,282,Crawfor,2Story,53.0,0.0
106250,1294,10800,1900,4,3,2,0,OldTown,2Story,60.0,0.0
150000,1244,11988,1957,6,3,1,336,NAmes,1Story,90.0,0.0
159000,1664,5000,1947,6,3,2,420,BrkSide,1.5Fin,50.0,0.0
184750,4676,40094,2007,10,3,3,884,Edwards,2Story,130.0,762.0
315750,2398,11787,1996,7,3,2,834,NoRidge,2Story,95.0,594.0
176000,1266,7500,2005,7,3,2,453,Somerst,1Story,62.0,0.0
132000,928,13300,1956,5,2,1,252,NAmes,1Story,70.0,0.0
446261,2713,14948,2008,9,3,2,858,NridgHt,2Story,67.0,268.0
86000,605,9098,1920,4,2,1,0,Edwards,1Story,58.0,0.0
200624,2515,32668,1957,6,4,3,484,Crawfor,1Story,,
175000,1509,10200,1988,6,3,2,600,Timber,SLvl,85.0,219.0
128000,1362,6155,1920,6,3,2,502,BrkSide,2Story,60.0,0.0
107500,827,7200,1955,5,2,1,392,NAmes,1Story,60.0,0.0
39300,334,5000,1946,1,1,1,0,BrkSide,1Story,50.0,0.0
178000,1414,9056,2004,8,3,2,403,Gilbert,2Story,74.0,0.0
107500,1347,7000,1910,5,3,1,0,Edwards,2Story,70.0,0.0
188000,1724,8924,1998,7,3,2,527,CollgCr,2Story,57.0,0.0
111250,864,12735,1972,4,3,1,576,NAmes,1Story,,0.0
158000,1159,11553,1968,5,3,1,336,Sawyer,1Story,,188.0
272000,1601,11423,2001,8,3,2,670,CollgCr,1Story,,479.0
315000,1838,14601,2006,9,2,2,765,Timber,1Story,85.0,584.0
248000,2285,11000,2000,8,4,2,648,NoRidge,2Story,,72.0
213250,1680,10140,1998,7,3,2,583,NWAmes,1Story,78.0,0.0
133000,767,4058,1998,7,1,1,367,NAmes,SFoyer,34.0,182.0
179665,1496,17104,2006,7,3,2,426,Gilbert,2Story,58.0,0.0
229000,2183,13837,1988,7,4,2,786,NWAmes,1.5Fin,,178.0
210000,1635,8737,1923,6,3,1,440,BrkSide,1.5Fin,70.0,0.0
129500,768,7244,1970,5,2,1,624,Mitchel,SFoyer,54.0,0.0
125000,825,8235,1955,5,2,1,720,OldTown,1Story,49.0,0.0
263000,2094,9375,2003,7,4,2,615,Somerst,2Story,75.0,0.0
140000,1069,4043,1977,6,2,2,440,NPkVill,1Story,53.0,0.0
112500,928,6000,1957,5,3,1,288,OldTown,1Story,50.0,0.0
255500,1717,11146,2006,8,3,2,908,NridgHt,1Story,87.0,250.0
108000,1126,8777,1949,4,2,2,520,Edwards,1Story,67.0,0.0
284000,2046,10625,2003,7,3,2,871,NridgHt,2Story,85.0,292.0
113000,1048,6380,1922,5,2,1,280,BrkSide,1.5Unf,58.0,0.0
141000,1092,14850,1957,5,2,1,299,NAmes,1Story,69.0,0.0
108000,1336,11040,1920,4,3,1,570,IDOTRR,1.5Fin,60.0,0.0
175000,1446,21872,1996,7,3,2,406,Gilbert,2Story,57.0,0.0
234000,1557,3196,2003,7,2,2,420,Blmngtn,1Story,,18.0
121500,1392,11341,1957,5,3,1,528,Sawyer,1Story,,180.0
170000,1389,10010,1974,5,2,1,418,Mitchel,1Story,77.0,0.0
108000,996,13907,1940,5,3,1,0,Edwards,1Story,63.0,0.0
185000,1674,21780,1918,6,4,2,396,Edwards,1.5Fin,66.0,0.0
268000,2295,13346,1992,7,4,2,590,NoRidge,2Story,,0.0
128000,1647,6858,1915,6,4,1,216,SWISU,2Story,66.0,0.0
325000,2504,11198,2005,9,4,2,656,StoneBr,2Story,77.0,245.0
214000,1535,10171,2004,7,3,2,532,NridgHt,1Story,70.0,168.0
316600,2132,12327,1983,8,1,1,612,SawyerW,1.5Fin,79.0,0.0
135960,943,7032,1979,5,2,1,600,NAmes,SFoyer,,0.0
142600,1728,13101,1965,5,6,2,576,NAmes,1Story,74.0,108.0
120000,864,7332,1959,6,2,1,288,NAmes,1Story,60.0,207.0
224500,1692,13159,2009,7,3,2,650,Timber,2Story,83.0,0.0
170000,1430,9967,2000,7,3,2,400,Gilbert,SLvl,76.0,0.0
139000,1109,10500,1971,5,3,1,288,NAmes,SLvl,70.0,82.0
118500,1216,8480,1947,5,2,1,336,NAmes,1.5Fin,80.0,0.0
145000,1477,6292,1928,7,3,2,216,SWISU,1.5Fin,52.0,0.0
164500,1320,11777,1966,5,3,1,564,Sawyer,SLvl,96.0,97.0
146000,1392,3604,2007,7,2,2,540,Somerst,2Story,34.0,0.0
131500,1795,12150,1954,5,4,2,352,OldTown,1.5Fin,81.0,335.0
181900,1429,14585,1960,6,3,1,572,NAmes,1Story,,85.0
253293,2042,12704,2008,8,3,2,1390,NridgHt,1Story,98.0,306.0
118500,816,11841,1990,6,3,1,0,Edwards,SFoyer,81.0,104.0
325000,2775,13500,1893,10,3,3,880,OldTown,2.5Unf,75.0,0.0
133000,1573,6120,1935,4,3,1,240,BrkSide,1.5Fin,51.0,0.0
369900,2028,11443,2005,8,2,2,880,Timber,1Story,88.0,208.0
130000,838,10267,1918,6,2,1,275,BrkSide,1Story,55.0,0.0
137000,860,8740,1982,5,2,1,528,Sawyer,SFoyer,74.0,0.0
143000,1473,25095,1968,5,1,1,452,ClearCr,1Story,65.0,0.0
79500,935,9100,1930,5,2,1,308,BrkSide,1Story,50.0,0.0
185900,1582,8320,2004,7,3,2,520,CollgCr,2Story,64.0,0.0
451950,2296,13478,2008,10,3,2,842,NridgHt,2Story,97.0,420.0
138000,816,6600,1982,5,2,1,816,Mitchel,1Story,60.0,0.0
140000,848,4435,2003,6,1,1,420,CollgCr,1Story,,170.0
110000,924,7990,1975,5,3,1,280,CollgCr,1Story,88.0,0.0
319000,1826,11302,2005,8,3,2,758,StoneBr,1Story,69.0,238.0
114504,1368,3600,1910,6,3,1,216,OldTown,2Story,60.0,0.0
194201,1402,3922,2006,7,2,0,648,Blmngtn,1Story,53.0,72.0
217500,1647,12984,1977,5,3,2,621,Crawfor,1Story,80.0,459.0
151000,1556,1950,1980,6,3,2,452,Blueste,2Story,24.0,0.0
275000,1904,10927,2005,8,3,2,736,NridgHt,2Story,74.0,280.0
141000,1375,9000,1937,6,3,1,544,IDOTRR,1.5Fin,50.0,0.0
220000,1915,10041,1992,8,3,2,506,SawyerW,2Story,80.0,0.0
151000,1200,3182,2004,7,2,2,480,Somerst,2Story,30.0,0.0
221000,1494,12803,2002,7,3,2,530,CollgCr,1Story,88.0,99.0
205000,1986,13600,1965,7,3,2,486,NAmes,2Story,85.0,176.0
152000,1040,12464,1996,5,3,1,576,CollgCr,1Story,82.0,0.0
225000,2008,7800,1948,5,3,3,230,Edwards,2Story,78.0,0.0
359100,3194,12168,1934,8,4,2,380,Crawfor,2Story,78.0,0.0
118500,1029,7943,1961,4,3,1,261,Sawyer,1Story,61.0,192.0
313000,2153,11050,2000,9,3,2,736,CollgCr,2Story,,204.0
148000,1032,10395,1978,6,3,2,564,NWAmes,SLvl,,233.0
261500,1872,11885,2001,8,3,2,531,CollgCr,2Story,,108.0
147000,1120,8402,2007,5,3,1,0,Mitchel,1Story,70.0,0.0
75500,630,1491,1972,4,1,1,0,MeadowV,SFoyer,21.0,0.0
137500,1054,8800,1963,6,3,1,480,NAmes,SFoyer,80.0,156.0
183200,1509,7861,2002,6,3,2,393,Gilbert,2Story,,0.0
105500,832,7227,1954,6,2,1,528,NAmes,1.5Unf,59.0,0.0
314813,1828,11694,2007,9,3,2,774,NridgHt,1Story,90.0,452.0
305000,2262,12244,2003,8,4,2,749,Timber,2Story,85.0,226.0
67000,864,8248,1914,3,2,1,0,Edwards,1Story,45.0,0.0
240000,2614,10800,1974,6,4,2,624,NWAmes,2Story,90.0,0.0
135000,980,7064,1977,5,3,1,484,Sawyer,1Story,71.0,153.0
168500,1512,2117,2000,6,2,2,440,Somerst,2Story,,513.0
165150,1790,10400,1972,6,4,1,484,NWAmes,2Story,80.0,288.0
160000,1116,10000,1962,6,3,1,440,NAmes,1Story,87.0,261.0
139900,1422,12342,1960,5,3,1,286,NAmes,1Story,,0.0
153000,1520,9600,1955,6,3,1,364,NAmes,SLvl,80.0,164.0
135000,2080,11606,1969,5,5,1,504,NAmes,2Story,70.0,192.0
168500,1350,9020,1964,6,3,1,520,NAmes,SLvl,82.0,259.0
124000,1750,9000,1880,5,3,1,240,OldTown,2Story,50.0,0.0
209500,1554,4590,2006,8,2,2,627,NridgHt,1Story,34.0,108.0
82500,1411,11900,1977,7,3,2,544,NWAmes,1Story,85.0,209.0
139400,1056,9250,1954,5,3,1,260,NAmes,1Story,80.0,0.0
144000,1056,6979,1980,6,0,0,576,OldTown,SFoyer,64.0,0.0
200000,3395,10896,1914,6,8,2,0,SWISU,2.5Fin,60.0,0.0
60000,800,6120,1936,2,1,1,0,BrkSide,1Story,51.0,0.0
93000,1387,6000,1954,5,3,2,256,OldTown,1.5Fin,50.0,0.0
85000,796,8777,1910,5,2,1,0,Edwards,1Story,67.0,0.0
264561,1567,3982,2006,8,1,2,648,Blmngtn,1Story,53.0,0.0
274000,1518,12677,2003,8,1,1,588,NridgHt,1Story,62.0,472.0
226000,1929,7050,2001,7,3,2,650,Somerst,2Story,,0.0
345000,2704,13860,1972,8,4,2,538,NAmes,SLvl,75.0,0.0
152000,1620,10793,1969,5,4,2,462,NWAmes,2Story,80.0,263.0
370878,1766,9187,2009,9,2,2,478,Somerst,1Story,85.0,162.0
143250,981,10530,1971,6,3,1,576,NAmes,1Story,,0.0
98300,1048,7200,1950,5,3,1,420,NAmes,1Story,60.0,0.0
155000,1094,10452,1953,6,3,1,495,Edwards,1Story,85.0,216.0
155000,1839,7700,1966,6,4,1,442,NAmes,2Story,70.0,351.0
84500,630,1936,1970,4,1,1,0,MeadowV,SFoyer,21.0,0.0
205950,1665,8125,2007,7,3,2,562,Somerst,2Story,65.0,
108000,1510,9084,1940,4,4,1,296,Edwards,2Story,60.0,0.0
191000,1716,8750,1996,7,2,2,512,CollgCr,2Story,70.0,0.0
135000,1469,10320,1906,6,3,1,216,IDOTRR,1.5Fin,60.0,0.0
350000,2113,10437,1995,8,2,2,839,NoRidge,1Story,91.0,660.0
88000,1092,1680,1971,6,3,1,264,BrDale,2Story,21.0,381.0
145500,1053,10007,1959,5,3,1,312,NAmes,1Story,72.0,54.0
149000,1502,7200,1931,7,3,1,270,Crawfor,2Story,60.0,0.0
97500,1458,17503,1948,6,3,1,330,NAmes,1.5Fin,78.0,0.0
167000,1486,9937,1964,5,3,1,480,Edwards,1Story,75.0,0.0
197900,1935,12384,1976,7,3,2,550,NWAmes,2Story,,233.0
402000,2448,46589,1994,8,4,2,711,NoRidge,2Story,52.0,528.0
110000,1392,13560,1968,6,2,1,576,NAmes,1Story,120.0,216.0
137500,1181,10012,1972,4,3,2,588,Edwards,SFoyer,90.0,0.0
423000,2097,20896,2005,8,1,1,1134,Somerst,1Story,49.0,0.0
230500,1936,11194,2000,8,3,2,504,Gilbert,2Story,106.0,40.0
129000,2380,18450,1965,6,3,2,596,NAmes,2Story,,113.0
193500,1679,8125,1994,6,3,2,575,SawyerW,1Story,65.0,258.0
168000,1437,14175,1956,5,3,1,576,Sawyer,1Story,,0.0
137500,1180,11600,1922,4,2,1,252,Crawfor,1Story,80.0,0.0
173500,1476,8633,2005,6,3,2,540,CollgCr,2Story,64.0,0.0
103600,1369,6629,1925,6,3,2,300,Edwards,2Story,54.0,0.0
165000,1208,11250,1977,6,3,1,546,Veenker,1Story,,0.0
257500,1839,14442,1957,6,3,2,416,Crawfor,1Story,110.0,106.0
140000,1136,9200,1965,6,3,1,384,NAmes,1Story,80.0,0.0
148500,1441,2289,1978,6,3,2,440,NPkVill,2Story,24.0,0.0
87000,1774,9600,1900,4,4,2,779,OldTown,2Story,60.0,0.0
109500,792,9022,1924,5,2,1,240,OldTown,1Story,52.0,0.0
372500,2046,11844,2008,8,3,2,834,StoneBr,1Story,80.0,464.0
128500,988,9945,1961,5,3,1,572,Sawyer,1Story,,57.0
143000,923,8012,1980,6,2,2,264,SawyerW,1Story,50.0,0.0
159434,1520,4500,1932,5,3,1,281,SWISU,1.5Fin,55.0,0.0
173000,1291,2887,1996,6,2,1,431,ClearCr,1Story,,0.0
285000,1668,11248,2002,9,3,2,702,CollgCr,1Story,90.0,215.0
221000,1839,16770,1998,7,4,2,486,NoRidge,2Story,58.0,30.0
207500,2090,5062,1984,7,3,2,577,StoneBr,2Story,,0.0
227875,1761,10207,2007,7,3,3,578,Somerst,2Story,84.0,0.0
148800,1102,5105,2004,7,2,2,480,Somerst,2Story,,0.0
392000,1419,8089,2007,8,2,2,567,StoneBr,1Story,60.0,0.0
194700,1362,7577,2005,6,2,2,460,NridgHt,1Story,61.0,256.0
141000,848,4426,2004,6,1,1,420,CollgCr,1Story,,147.0
755000,4316,21535,1994,10,4,3,832,NoRidge,2Story,104.0,1170.0
335000,2519,26178,1989,7,4,2,628,Timber,2Story,42.0,293.0
108480,1073,5400,1921,5,2,1,326,OldTown,1Story,60.0,0.0
141500,1539,6120,1936,5,3,1,576,BrkSide,1.5Fin,51.0,0.0
176000,1137,13811,1987,6,2,2,551,Timber,1Story,54.0,72.0
89000,616,6000,1921,5,2,1,205,BrkSide,1Story,50.0,0.0
123500,1148,6420,1952,5,2,1,308,Edwards,1Story,57.0,0.0
138500,894,8450,1965,5,3,1,336,Sawyer,1Story,65.0,0.0
196000,1391,4282,2004,7,2,2,530,Somerst,1Story,59.0,0.0
312500,1800,14331,2002,8,3,2,765,Timber,1Story,85.0,630.0
140000,1164,9600,1969,7,3,1,528,NWAmes,1Story,80.0,168.0
361919,2576,12438,2006,8,4,2,666,StoneBr,2Story,82.0,466.0
140000,1812,7630,1900,5,4,2,672,OldTown,2Story,76.0,0.0
213000,1484,8400,2004,7,3,2,606,CollgCr,1Story,70.0,109.0
55000,1092,5600,1930,4,3,2,0,IDOTRR,2Story,70.0,0.0
302000,1824,115149,1971,7,2,2,739,ClearCr,1Story,,351.0
254000,1324,6240,2006,8,2,2,550,NridgHt,1Story,48.0,176.0
179540,1456,9018,2007,7,3,2,400,Gilbert,2Story,65.0,0.0
109900,904,7162,1966,5,3,1,408,Sawyer,1Story,,41.0
52000,729,4130,1935,3,2,1,0,BrkSide,1Story,56.0,0.0
102776,1178,8712,1900,4,2,1,384,IDOTRR,1.5Fin,66.0,0.0
189000,1228,4671,1988,8,2,2,472,StoneBr,1Story,40.0,0.0
129000,960,9873,1970,4,3,1,576,BrkSide,1Story,60.0,160.0
130500,1479,13517,1976,6,3,2,475,Sawyer,2Story,,289.0
165000,1350,10140,1974,6,3,2,478,NWAmes,1Story,78.0,174.0
159500,2554,10800,1890,7,3,1,704,OldTown,2Story,60.0,0.0
157000,1178,10000,1973,5,3,1,439,NWAmes,1Story,80.0,0.0
341000,2418,10542,1993,7,3,2,983,NoRidge,2Story,96.0,651.0
128500,971,9920,1969,5,3,1,300,CollgCr,1Story,69.0,0.0
275000,1742,6563,1985,8,2,2,564,StoneBr,1Story,,0.0
143000,848,4426,2004,6,1,1,420,CollgCr,1Story,,169.0
124500,864,8120,1970,4,3,1,463,NAmes,1Story,70.0,0.0
135000,1470,8172,1954,4,4,2,548,Edwards,1.5Fin,60.0,0.0
320000,1698,13286,2007,9,3,2,768,Edwards,1Story,86.0,340.0
120500,864,6960,1970,4,3,1,660,NAmes,1Story,60.0,0.0
222000,1680,21695,1988,6,3,2,540,Crawfor,1Story,,260.0
194500,1232,7314,2007,7,2,2,632,CollgCr,1Story,64.0,82.0
110000,1776,11475,1958,5,4,2,888,NAmes,1Story,85.0,95.0
103000,1208,6240,1925,4,2,1,539,IDOTRR,1.5Fin,52.0,0.0
236500,1616,5389,1995,8,2,2,608,StoneBr,1Story,39.0,0.0
187500,1146,9590,2003,7,3,2,438,Timber,SLvl,73.0,442.0
222500,2031,11404,1998,7,3,2,541,CollgCr,2Story,75.0,202.0
131400,1144,10000,1961,5,3,1,264,Sawyer,1Story,80.0,0.0
108000,948,8978,1968,5,3,1,300,Sawyer,1Story,,0.0
163000,1768,10800,1914,7,2,1,320,OldTown,2.5Unf,60.0,0.0
93500,1040,8544,1950,3,2,2,400,NAmes,1Story,60.0,0.0
239900,1801,10463,2005,8,3,2,800,Gilbert,2Story,72.0,0.0
179000,1200,10800,1987,5,3,3,0,Edwards,1Story,60.0,0.0
190000,1728,9313,2004,7,3,2,572,CollgCr,2Story,65.0,0.0
132000,1432,9600,1910,5,2,2,360,OldTown,2Story,60.0,0.0
142000,912,6768,1961,6,3,1,288,Sawyer,1Story,65.0,0.0
179000,1349,8450,2000,7,3,2,539,SawyerW,1Story,65.0,108.0
175000,1464,12886,1963,5,3,2,480,Sawyer,SLvl,70.0,0.0
180000,1337,5395,1993,8,2,2,462,StoneBr,1Story,41.0,0.0
299800,2715,8963,1976,8,4,3,831,NWAmes,2Story,,289.0
236000,2256,8795,2000,7,4,2,554,Gilbert,2Story,,0.0
265979,2640,11700,1880,7,4,1,864,OldTown,2Story,65.0,0.0
260400,1720,10593,1996,7,3,2,527,NoRidge,1Story,59.0,338.0
98000,1529,8405,1945,4,4,2,240,Edwards,1.5Fin,50.0,0.0
96500,1140,8800,1910,4,3,1,0,OldTown,1.5Fin,55.0,0.0
162000,1320,7750,2003,7,3,2,400,Gilbert,2Story,,0.0
217000,1494,9236,1997,6,3,2,576,CollgCr,1Story,79.0,0.0
275500,2098,10240,2005,8,3,2,878,NridgHt,2Story,80.0,178.0
156000,1026,7930,1969,6,3,1,440,NAmes,1Story,61.0,0.0
172500,1471,3230,1999,6,3,2,440,Somerst,2Story,34.0,894.0
212000,1768,10769,2007,8,3,2,578,CollgCr,2Story,68.0,0.0
158900,1386,11616,1978,6,3,2,440,Sawyer,2Story,,328.0
179400,1501,2280,1999,7,3,2,440,Somerst,2Story,24.0,360.0
290000,2531,12257,1995,8,4,2,752,NoRidge,2Story,65.0,513.0
127500,864,9100,1959,6,2,1,300,NAmes,1Story,70.0,0.0
100000,1301,6911,1924,5,2,1,440,BrkSide,1Story,60.0,0.0
215200,1547,8640,2009,7,3,2,614,Somerst,2Story,72.0,0.0
337000,2365,9430,1999,8,3,2,856,NoRidge,2Story,82.0,673.0
270000,1494,9549,1995,8,2,1,481,Veenker,1Story,30.0,0.0
264132,1506,14587,2008,9,2,2,592,Somerst,1Story,75.0,284.0
196500,1714,10421,1988,7,3,2,496,NWAmes,2Story,80.0,42.0
160000,1750,12508,1940,6,4,2,423,Mitchel,1.5Fin,75.0,0.0
216837,1836,9100,2004,7,3,2,484,CollgCr,1Story,70.0,0.0
538000,3279,53504,2003,8,4,3,841,StoneBr,2Story,47.0,603.0
134900,858,7252,1982,5,2,1,576,Sawyer,SFoyer,,0.0
102000,1220,8877,1951,4,2,1,396,Edwards,1Story,67.0,0.0
107000,1117,7819,1976,6,3,1,672,Edwards,SLvl,94.0,0.0
114500,912,10150,1958,5,2,1,275,NAmes,1Story,70.0,1.0
395000,1973,14226,2006,8,3,2,895,NridgHt,1Story,110.0,375.0
162000,1204,4500,1998,6,2,2,412,Mitchel,1Story,32.0,320.0
221500,1614,11210,2005,7,3,2,865,CollgCr,1Story,86.0,240.0
142500,894,13350,1974,5,3,1,440,Sawyer,1Story,100.0,0.0
144000,2020,8400,1977,5,4,2,630,SawyerW,1Story,60.0,320.0
135000,1004,10530,1977,6,2,1,504,Mitchel,SFoyer,78.0,90.0
176000,1253,7875,1995,7,3,2,402,Gilbert,1Story,63.0,38.0
175900,1603,7153,1992,6,3,2,484,SawyerW,2Story,65.0,0.0
187100,1430,16285,2001,7,3,2,605,CollgCr,1Story,67.0,0.0
165500,1110,9101,1978,5,1,1,602,Mitchel,SFoyer,,104.0
128000,1484,6300,1914,6,3,2,0,OldTown,2.5Unf,35.0,0.0
161500,1342,9790,1967,6,3,2,457,NWAmes,1Story,,0.0
139000,1652,10800,1915,5,4,2,416,OldTown,1.5Fin,60.0,0.0
233000,2084,10142,2004,7,4,2,618,SawyerW,2Story,76.0,0.0
107900,901,6000,1954,4,2,1,281,OldTown,1Story,50.0,0.0
187500,2087,12205,1966,6,5,2,444,ClearCr,2Story,,157.0
160200,1145,3182,2005,7,2,2,397,Blmngtn,1Story,43.0,11.0
146800,1062,11333,1976,6,3,1,539,Mitchel,SLvl,,0.0
269790,2013,9920,1996,7,3,2,455,NoRidge,2Story,92.0,0.0
225000,1496,9158,2007,8,3,2,474,Somerst,1Story,76.0,140.0
194500,1895,10832,1994,7,3,2,409,Gilbert,2Story,,0.0
171000,1564,8400,1980,6,3,2,476,SawyerW,2Story,70.0,130.0
143500,1285,8197,1977,6,3,1,528,Sawyer,1Story,71.0,148.0
110000,773,7677,1953,5,2,1,240,NAmes,1Story,57.0,0.0
485000,3140,13518,2008,9,4,3,820,NridgHt,2Story,104.0,860.0
175000,1768,7200,1937,5,3,1,240,SWISU,1.5Fin,60.0,252.0
200000,1688,12798,1997,6,4,2,603,ClearCr,2Story,79.0,0.0
109900,1196,4800,1916,4,2,1,440,IDOTRR,1Story,40.0,0.0
189000,1456,8199,2005,7,3,2,410,CollgCr,2Story,63.0,0.0
582933,2822,13891,2008,9,4,3,1020,NridgHt,2Story,107.0,424.0
118000,1128,9000,1954,5,2,1,286,NAmes,1Story,75.0,0.0
227680,1428,12274,2008,7,3,2,554,Somerst,1Story,91.0,256.0
135500,980,9750,1967,5,3,2,384,NAmes,SLvl,75.0,0.0
223500,1576,21384,1923,5,3,1,528,BrkSide,2Story,144.0,0.0
159950,1086,13400,1966,5,3,1,484,NAmes,SLvl,85.0,1047.0
106000,2138,8100,1898,5,2,2,360,OldTown,2.5Unf,90.0,0.0
181000,1309,10140,1974,6,3,1,484,NWAmes,1Story,78.0,99.0
144500,848,4438,2004,6,1,1,420,CollgCr,1Story,,169.0
55993,1044,8712,1952,5,2,1,504,IDOTRR,1Story,66.0,0.0
157900,1442,9750,1958,6,4,1,301,NAmes,1Story,75.0,243.0
116000,1250,8248,1918,5,3,1,280,Edwards,1.5Fin,45.0,0.0
224900,1661,12137,1998,7,3,2,598,CollgCr,1Story,48.0,442.0
137000,1008,11425,1954,5,2,1,275,NAmes,1Story,,0.0
271000,1689,13265,2002,8,3,2,857,Mitchel,1Story,,148.0
155000,1052,8816,1971,6,3,1,440,ClearCr,SLvl,80.0,80.0
224000,1358,6371,2009,7,2,2,484,NridgHt,1Story,44.0,128.0
183000,1640,7226,2003,7,3,2,595,CollgCr,2Story,72.0,0.0
93000,936,6000,1953,4,2,1,576,OldTown,1Story,60.0,0.0
225000,1733,12394,2003,7,3,2,433,Gilbert,2Story,,0.0
139500,1489,9900,1940,6,3,2,240,SWISU,1.5Fin,60.0,0.0
232600,1489,11216,2006,8,3,2,776,Somerst,1Story,81.0,0.0
385000,2084,14803,2007,10,2,2,1220,NridgHt,1Story,114.0,816.0
109500,784,6130,1924,5,2,1,0,BrkSide,1.5Unf,50.0,0.0
189000,1434,8529,2001,7,3,2,527,SawyerW,1Story,65.0,0.0
185000,2126,28698,1967,5,3,2,538,ClearCr,2Story,,0.0
147400,1223,2544,2005,7,2,2,480,Somerst,2Story,24.0,0.0
166000,1392,11900,1957,6,3,1,458,NAmes,1Story,80.0,387.0
151000,1200,3180,2005,7,2,2,480,Somerst,2Story,30.0,0.0
237000,1829,9548,2003,7,3,2,613,CollgCr,2Story,44.0,223.0
167000,1516,10004,1964,6,3,1,472,NAmes,1Story,100.0,180.0
139950,1144,7875,1961,5,3,1,456,NAmes,1Story,75.0,136.0
128000,1067,9600,1950,4,2,2,436,Sawyer,1Story,60.0,0.0
153500,1559,8100,1948,5,2,1,812,OldTown,1Story,90.0,0.0
100000,987,1680,1973,6,2,1,264,BrDale,2Story,21.0,158.0
144000,1099,9525,1995,5,3,1,352,CollgCr,1Story,75.0,0.0
130500,1200,11767,1946,5,3,1,240,Edwards,1.5Fin,70.0,0.0
140000,1482,12155,1925,6,4,2,400,SWISU,2Story,,0.0
157500,1539,10440,1904,5,3,2,686,OldTown,2Story,60.0,0.0
174900,1165,9020,1966,6,3,1,490,NAmes,SLvl,82.0,183.0
141000,1800,8000,1961,5,6,2,0,NAmes,1Story,80.0,0.0
153900,1416,12665,1915,5,4,1,720,OldTown,1.5Fin,100.0,0.0
171000,1701,16647,1975,5,3,2,611,Sawyer,SFoyer,,0.0
213000,1775,9317,1993,7,3,2,425,SawyerW,2Story,75.0,137.0
133500,864,15523,1972,5,3,1,338,CollgCr,1Story,36.0,0.0
240000,2358,45600,1908,6,5,3,360,ClearCr,1.5Fin,75.0,0.0
187000,1855,9600,1976,6,3,2,512,Veenker,SLvl,80.0,360.0
131500,848,4435,2003,6,1,1,420,CollgCr,1Story,36.0,170.0
215000,1456,3196,2003,8,2,2,400,Blmngtn,1Story,,40.0
164000,1646,7128,1941,7,4,2,240,Crawfor,2.5Unf,53.0,0.0
158000,1445,12095,1964,6,3,1,645,NAmes,SLvl,,115.0
170000,1779,17920,1955,5,3,1,454,Sawyer,1Story,102.0,0.0
127000,1040,6897,1962,5,3,1,260,Sawyer,1Story,,0.0
147000,1026,10970,1978,6,3,1,576,CollgCr,SLvl,,0.0
174000,1481,8125,1994,6,3,2,343,Gilbert,2Story,65.0,0.0
152000,1370,10400,1976,7,3,2,479,NWAmes,1Story,80.0,189.0
250000,2654,11029,1968,6,4,2,619,NWAmes,2Story,,220.0
189950,1426,7642,1918,7,3,1,216,Crawfor,1.5Fin,55.0,0.0
131500,1039,11625,1965,5,3,1,504,Sawyer,1Story,75.0,0.0
152000,1097,9672,1984,6,3,2,480,SawyerW,1Story,81.0,0.0
132500,1148,7931,1959,5,3,1,672,NAmes,1Story,70.0,0.0
250580,1372,8640,2007,7,3,2,529,Somerst,1Story,72.0,0.0
148500,1002,8750,1970,5,3,1,902,NAmes,1Story,,76.0
248900,1646,10656,2006,8,3,2,870,Timber,1Story,67.0,274.0
129000,1120,6970,1961,4,3,1,544,Sawyer,1Story,85.0,0.0
169000,2320,14762,1948,5,2,2,672,Gilbert,2Story,,0.0
236000,1949,9938,1993,7,3,2,574,SawyerW,2Story,80.0,246.0
109500,894,6600,1962,5,2,1,308,NAmes,1Story,60.0,0.0
200500,1682,8750,1998,6,3,2,523,CollgCr,2Story,70.0,116.0
116000,910,8892,1953,5,3,1,414,NAmes,1Story,74.0,0.0
133000,1268,12144,1949,5,3,1,288,NAmes,1Story,60.0,0.0
66500,1131,5720,1941,5,3,1,200,OldTown,1.5Fin,52.0,0.0
303477,2610,9000,2007,8,4,2,550,Somerst,2Story,75.0,0.0
132250,1040,25286,1963,4,3,1,648,Mitchel,1Story,94.0,0.0
350000,2224,8834,2004,9,4,2,738,NridgHt,2Story,74.0,216.0
148000,1155,11782,1961,5,3,1,576,Sawyer,SFoyer,88.0,0.0
136500,864,7000,1978,5,3,1,336,CollgCr,1Story,,90.0
157000,1090,7024,2005,5,2,1,450,Edwards,1Story,60.0,0.0
187500,1717,13758,1990,7,3,2,400,Timber,1.5Fin,44.0,117.0
178000,1593,9636,1992,6,3,2,389,Gilbert,2Story,,0.0
118500,2230,6204,1912,4,5,1,440,SWISU,2.5Fin,60.0,0.0
100000,892,7150,1967,5,3,1,288,NAmes,1Story,65.0,60.0
328900,1709,5119,1999,9,2,2,506,Somerst,1Story,50.0,60.0
145000,1712,8393,1959,5,4,2,588,NAmes,1Story,70.0,122.0
135500,1393,16466,1955,5,3,1,300,Edwards,1.5Fin,59.0,0.0
268000,2217,15865,1970,8,4,2,621,NAmes,1Story,95.0,0.0
149500,1505,12160,1953,6,2,1,505,NAmes,1Story,128.0,90.0
122900,924,8064,1949,5,3,1,576,NAmes,1.5Fin,60.0,0.0
172500,1683,11184,1978,6,3,2,440,Sawyer,2Story,70.0,92.0
154500,1068,8414,1963,6,3,1,264,Sawyer,1Story,70.0,0.0
165000,1383,13284,1954,5,3,1,354,Sawyer,1Story,,0.0
118858,1535,7018,1979,5,4,2,400,SawyerW,1Story,64.0,0.0
140000,1796,7056,1963,6,4,1,483,NAmes,2Story,71.0,415.0
106500,951,8765,1936,4,2,1,327,IDOTRR,1Story,50.0,0.0
142953,2240,7018,1979,5,6,2,528,SawyerW,2Story,64.0,0.0
611657,2364,12919,2009,9,2,2,820,NridgHt,1Story,100.0,760.0
135000,1236,6993,1961,5,3,1,288,Sawyer,1Story,65.0,0.0
110000,858,7340,1971,4,2,1,684,NAmes,1Story,,0.0
153000,1306,8712,1957,5,2,1,756,NAmes,1Story,64.0,0.0
180000,1509,7875,2003,7,3,2,393,Gilbert,2Story,63.0,0.0
240000,1670,14859,2006,7,3,2,690,Gilbert,1Story,50.0,27.0
125500,902,6173,1967,5,3,1,288,Sawyer,1Story,,75.0
128000,1063,9920,1954,5,3,1,280,NAmes,1Story,80.0,110.0
255000,1636,13501,2006,8,3,2,865,Somerst,1Story,116.0,208.0
250000,2057,11500,1936,7,3,1,180,Crawfor,1.5Fin,86.0,0.0
131000,902,8885,1983,5,2,1,484,Mitchel,1Story,,0.0
174000,1484,12589,2005,6,3,2,390,Gilbert,2Story,149.0,0.0
154300,2274,11600,1960,5,5,2,480,NAmes,2Story,80.0,361.0
143500,1268,9286,1977,5,3,1,252,CollgCr,1Story,,0.0
88000,1015,6120,1925,5,3,1,450,BrkSide,1Story,51.0,0.0
145000,2002,6270,1949,5,4,2,871,Crawfor,2Story,82.0,0.0
173733,1224,3000,2009,6,2,2,528,Somerst,2Story,30.0,76.0
75000,1092,2001,1970,4,3,1,286,MeadowV,2Story,21.0,80.0
35311,480,9000,1949,2,1,0,308,IDOTRR,1Story,50.0,0.0
135000,1229,17140,1956,4,3,1,284,Edwards,1Story,,0.0
238000,2127,13125,1991,7,4,2,833,SawyerW,2Story,103.0,0.0
176500,1414,11029,1958,6,3,1,601,NAmes,1Story,87.0,0.0
201000,1721,8462,1994,6,3,2,471,SawyerW,2Story,70.0,105.0
145900,2200,8777,1900,5,4,2,0,Edwards,1.5Fin,67.0,0.0
169990,1316,10237,2005,6,3,2,397,Gilbert,1Story,65.0,0.0
193000,1617,8012,1993,6,2,2,533,SawyerW,1Story,50.0,0.0
207500,1686,10240,1980,6,3,2,612,NWAmes,1Story,79.0,157.0
175000,1126,15611,1977,5,3,2,540,NWAmes,1Story,,0.0
285000,2374,11999,2003,8,4,2,656,NridgHt,2Story,93.0,340.0
176000,1978,9900,1968,7,4,2,486,NWAmes,2Story,,342.0
236500,1788,11838,2001,8,3,2,522,CollgCr,1Story,,0.0
222000,2236,13006,1997,7,4,2,642,Gilbert,2Story,,285.0
201000,1466,8925,2007,8,3,2,610,Timber,1Story,73.0,0.0
117500,925,9100,1965,5,2,1,429,NAmes,1Story,70.0,0.0
320000,1905,11670,2006,9,3,2,788,Somerst,1Story,84.0,302.0
190000,1500,8487,2004,7,3,2,570,CollgCr,1Story,63.0,210.0
242000,2069,27650,1960,7,4,2,505,NAmes,1Story,313.0,0.0
79900,747,5825,1926,4,1,1,528,BrkSide,1Story,52.0,108.0
184900,1200,10083,2003,7,2,2,555,SawyerW,1Story,67.0,
253000,1971,9675,2005,7,3,2,689,Somerst,2Story,75.0,0.0
239799,1962,8760,2006,7,3,2,868,CollgCr,2Story,73.0,0.0
244400,2403,24090,1940,7,4,2,349,ClearCr,2Story,,0.0
150900,1728,12640,1976,6,4,2,574,Mitchel,1Story,55.0,0.0
214000,2060,8755,1999,7,3,2,390,Gilbert,2Story,,298.0
150000,1440,7711,1977,4,4,2,0,Edwards,1Story,42.0,0.0
143000,1632,25000,1967,5,4,2,576,Mitchel,1Story,100.0,0.0
137500,1344,14375,1958,6,3,1,525,Timber,SLvl,,541.0
124900,1869,8820,1890,5,2,1,456,OldTown,1.5Fin,98.0,0.0
143000,1144,8163,1959,5,3,1,796,NAmes,SLvl,70.0,128.0
270000,1629,14536,2002,8,3,2,808,Timber,1Story,85.0,236.0
192500,1776,14006,2002,7,3,2,474,CollgCr,2Story,65.0,144.0
197500,1381,9360,1972,6,3,1,676,NWAmes,1Story,78.0,0.0
129000,864,7200,1950,5,3,1,720,NAmes,1Story,60.0,0.0
119900,965,7800,1965,5,3,1,300,SawyerW,1Story,60.0,0.0
133900,768,7200,1972,5,2,1,396,CollgCr,SFoyer,60.0,0.0
172000,1968,11075,1969,5,4,2,530,Mitchel,2Story,,232.0
127500,980,9400,1975,6,4,2,0,Edwards,SFoyer,35.0,250.0
145000,1958,7136,1946,6,4,2,492,Crawfor,2Story,82.0,423.0
124000,1229,1300,1980,6,2,1,462,Blueste,2Story,24.0,0.0
132000,1057,7420,1962,5,3,1,576,Sawyer,1Story,70.0,0.0
185000,1337,8450,2003,7,3,2,531,CollgCr,1Story,65.0,0.0
155000,1416,2572,1999,7,3,2,484,Somerst,2Story,24.0,0.0
116500,858,7207,1958,5,2,1,0,BrkSide,1Story,50.0,0.0
272000,2872,12227,1977,6,4,2,619,NWAmes,2Story,,424.0
155000,1548,2308,1976,6,3,2,440,NPkVill,2Story,24.0,0.0
239000,1800,11923,2007,9,2,2,702,CollgCr,1Story,122.0,0.0
214900,1894,11316,2002,7,4,2,510,Timber,2Story,80.0,44.0
178900,1484,10237,2005,6,3,2,393,Gilbert,2Story,65.0,0.0
160000,1308,9600,1940,5,2,1,256,Crawfor,1.5Fin,130.0,0.0
135000,1098,7390,1955,5,3,1,260,NAmes,1Story,,151.0
37900,968,5925,1910,3,2,1,0,OldTown,1.5Fin,50.0,0.0
140000,1095,10382,1958,6,2,1,264,NAmes,SLvl,75.0,105.0
135000,1192,10800,1949,4,4,1,0,NAmes,1.5Fin,60.0,0.0
173000,1626,2268,2003,7,2,2,474,NridgHt,2Story,36.0,106.0
99500,918,7892,1979,6,2,2,264,SawyerW,1Story,55.0,0.0
182000,1428,11639,2007,7,3,2,480,Somerst,1Story,95.0,
167500,2019,11414,1910,7,3,1,532,BrkSide,2Story,60.0,0.0
165000,1382,2651,2000,7,3,2,490,Somerst,2Story,,0.0
85500,869,5900,1923,4,2,1,0,BrkSide,1Story,51.0,0.0
199900,1241,4274,2006,7,1,1,569,Somerst,1Story,35.0,
110000,894,9450,1954,4,3,1,400,Edwards,1Story,68.0,0.0
139000,1121,8816,1963,5,3,1,480,Sawyer,1Story,80.0,0.0
178400,999,12122,1961,7,3,1,588,NAmes,SFoyer,,210.0
336000,2612,12203,1998,8,4,2,676,NoRidge,2Story,98.0,975.0
159895,1266,3182,2007,7,2,2,388,Blmngtn,1Story,43.0,16.0
255900,2290,11250,2002,8,4,2,779,CollgCr,2Story,,0.0
126000,1734,10125,1977,5,4,2,539,Mitchel,1.5Fin,75.0,0.0
125000,1164,10880,1950,5,3,1,240,Edwards,1Story,68.0,0.0
117000,1635,5310,1910,6,2,1,255,OldTown,1.5Fin,59.0,0.0
395192,1940,10159,2009,9,3,2,606,NridgHt,1Story,83.0,450.0
195000,2030,12046,1976,6,4,2,551,NWAmes,2Story,,298.0
197000,1576,8125,2006,7,3,2,614,Somerst,2Story,65.0,0.0
348000,2392,9452,1997,8,3,2,870,NoRidge,2Story,82.0,423.0
168000,1742,17671,1882,8,4,1,424,OldTown,2Story,121.0,0.0
187000,1851,9760,1964,6,3,2,440,NAmes,2Story,80.0,340.0
173900,1500,8846,2005,6,3,2,564,CollgCr,2Story,68.0,0.0
337500,1718,12456,2006,10,3,2,786,NridgHt,1Story,96.0,230.0
121600,1230,4712,1946,4,3,1,305,BrkSide,1.5Fin,51.0,0.0
136500,1050,10659,1961,5,3,1,368,NAmes,1Story,,0.0
185000,1442,11717,1970,6,2,2,615,NWAmes,1Story,,571.0
91000,1077,9786,1922,3,3,1,210,IDOTRR,1Story,60.0,0.0
206000,1208,6762,2006,7,2,2,632,CollgCr,1Story,64.0,24.0
82000,944,10206,1952,3,2,1,528,Edwards,1Story,74.0,0.0
86000,691,5400,1920,5,2,1,216,OldTown,1Story,60.0,0.0
232000,1574,11957,2006,8,3,2,824,Somerst,1Story,75.0,53.0
136905,1680,11500,1976,5,4,2,528,NWAmes,1Story,,164.0
181000,1504,3182,2005,7,1,2,457,Blmngtn,1Story,43.0,16.0
149900,985,8385,1977,5,3,2,328,CollgCr,SLvl,65.0,220.0
163500,1657,12155,1970,6,3,2,484,NAmes,1Story,,0.0
88000,1092,2217,1970,4,3,1,286,MeadowV,2Story,21.0,0.0
240000,1710,12118,2004,7,3,2,550,Mitchel,1Story,43.0,108.0
102000,1522,6000,1926,5,4,2,0,SWISU,1.5Fin,60.0,0.0
135000,1271,21286,1948,5,4,2,312,Sawyer,1.5Fin,115.0,0.0
100000,1664,9825,1965,5,4,2,0,Edwards,1Story,75.0,0.0
165000,1502,10592,1923,6,3,1,180,Crawfor,2Story,55.0,0.0
85000,1022,7200,1910,5,2,1,280,OldTown,1Story,60.0,0.0
119200,1082,11664,1948,6,2,1,240,NAmes,1Story,60.0,206.0
227000,1665,8400,2001,8,3,2,528,NWAmes,2Story,70.0,0.0
203000,1504,11883,1996,7,3,2,478,CollgCr,1Story,73.0,196.0
187500,1360,5814,1984,8,1,1,565,StoneBr,1Story,,0.0
160000,1472,10784,1991,7,3,2,402,Gilbert,SLvl,,76.0
213490,1506,3013,2005,7,2,2,440,Blmngtn,1Story,43.0,145.0
176000,1132,7024,2005,4,2,1,451,Edwards,1Story,60.0,0.0
194000,1220,7406,2006,7,2,2,632,CollgCr,1Story,64.0,84.0
87000,1248,9439,1930,5,2,1,160,OldTown,1.5Fin,52.0,0.0
191000,1504,3182,2005,7,2,2,437,Blmngtn,1Story,43.0,14.0
287000,2898,15498,1976,8,2,2,665,Timber,1Story,,0.0
112500,882,7700,1972,5,3,1,461,CollgCr,1Story,70.0,0.0
167500,1264,9300,1960,5,3,1,461,NAmes,1Story,73.0,324.0
293077,1646,9520,2007,8,3,2,800,Timber,1Story,71.0,338.0
105000,1376,9492,1941,5,3,1,240,NAmes,1.5Fin,79.0,0.0
118000,1218,1680,1972,6,3,1,264,BrDale,2Story,21.0,281.0
160000,1928,7082,1916,5,5,2,0,SWISU,2Story,,0.0
197000,3082,15863,1920,7,5,2,672,SWISU,2.5Fin,102.0,0.0
310000,2520,14541,1993,8,5,2,796,NoRidge,2Story,,0.0
230000,1654,8125,2002,7,3,2,900,CollgCr,1Story,,295.0
119750,954,6305,1938,5,2,1,240,Crawfor,1Story,50.0,0.0
84000,845,11500,1957,4,3,1,290,Edwards,1Story,,0.0
315500,1620,12898,2007,9,2,2,912,Timber,1Story,89.0,70.0
287000,2263,9240,2001,8,3,2,905,CollgCr,2Story,,396.0
97000,1344,1533,1970,4,3,1,0,MeadowV,2Story,21.0,0.0
80000,630,1477,1970,4,1,1,286,MeadowV,SFoyer,21.0,0.0
155000,1803,13125,1957,5,3,2,484,Sawyer,1Story,88.0,67.0
173000,1632,9130,1966,6,4,1,484,NWAmes,2Story,,252.0
196000,1306,5381,2005,6,1,2,624,NridgHt,1Story,34.0,135.0
262280,2329,11839,1990,7,4,2,514,SawyerW,2Story,86.0,99.0
278000,2524,9600,1981,8,4,2,542,NWAmes,1Story,80.0,0.0
139600,1733,13680,1955,3,4,2,452,Edwards,1Story,,0.0
556581,2868,16056,2005,9,4,3,716,StoneBr,2Story,85.0,208.0
145000,990,9245,1994,5,3,1,672,CollgCr,1Story,57.0,0.0
115000,1771,21750,1960,5,3,1,336,Mitchel,1Story,100.0,75.0
84900,930,11100,1946,4,2,1,308,Edwards,1Story,60.0,0.0
176485,1302,8993,2007,7,3,2,436,Gilbert,1Story,73.0,0.0
200141,1316,11175,2007,7,3,2,440,CollgCr,1Story,103.0,0.0
165000,1977,9500,1964,6,4,1,540,NAmes,2Story,100.0,272.0
144500,1526,8562,1957,5,4,1,364,Edwards,1Story,68.0,145.0
255000,1989,11367,2002,8,3,2,586,CollgCr,2Story,90.0,210.0
180000,1523,11361,1976,6,3,2,478,NWAmes,1Story,104.0,160.0
185850,1364,7052,2005,7,2,2,484,NridgHt,1Story,43.0,240.0
248000,1850,29959,1994,7,3,2,467,NoRidge,2Story,,0.0
335000,2184,11308,2008,9,3,2,836,NridgHt,2Story,96.0,154.0
220000,1991,11275,1932,6,3,1,432,Crawfor,1.5Fin,,480.0
213500,1338,4920,2001,8,2,2,582,StoneBr,1Story,41.0,0.0
81000,894,18000,1935,3,2,1,1248,IDOTRR,1Story,120.0,0.0
90000,2337,13600,1900,5,5,2,560,OldTown,2Story,85.0,0.0
110500,1103,6000,1925,6,2,1,440,OldTown,1Story,50.0,0.0
154000,1154,11000,1966,5,3,1,480,NAmes,1Story,,200.0
328000,2260,14000,1996,7,3,2,533,ClearCr,2Story,80.0,0.0
178000,1571,7837,1993,6,3,2,380,Gilbert,2Story,59.0,0.0
167900,1611,9760,1964,6,4,1,442,NAmes,2Story,80.0,360.0
151400,2521,3964,1973,6,5,2,576,MeadowV,2Story,42.0,0.0
135000,893,9600,1949,5,2,1,576,NAmes,1.5Unf,60.0,0.0
135000,1048,10152,1956,5,3,1,286,NAmes,1Story,72.0,120.0
154000,1556,11700,1968,6,4,1,441,NWAmes,2Story,78.0,0.0
91500,1456,7585,1948,5,4,1,280,Edwards,1.5Fin,50.0,0.0
159500,1426,7950,1977,6,3,1,440,Edwards,2Story,75.0,140.0
194000,1240,8556,2006,7,2,2,826,CollgCr,1Story,74.0,0.0
219500,1740,13125,1940,7,3,1,240,Crawfor,2Story,75.0,0.0
170000,1466,10800,1936,5,3,2,566,OldTown,1.5Fin,60.0,0.0
138800,1096,15870,1969,5,3,1,299,NAmes,1Story,,0.0
155900,848,4435,2004,6,1,1,420,CollgCr,1Story,37.0,169.0
126000,990,8775,1994,5,3,1,299,CollgCr,1Story,65.0,0.0
145000,1258,11040,1971,6,3,2,528,NWAmes,1Story,80.0,144.0
133000,1040,7500,1963,5,3,1,308,Sawyer,1Story,75.0,0.0
192000,1459,8749,2002,7,3,2,527,CollgCr,1Story,70.0,100.0
160000,1251,8800,1964,6,3,1,461,NAmes,1Story,80.0,425.0
187500,1498,13031,1995,6,3,2,409,Gilbert,2Story,,0.0
147000,996,9069,1992,6,2,1,564,SawyerW,SFoyer,73.0,0.0
83500,1092,1974,1973,4,3,1,286,MeadowV,2Story,,0.0
252000,1953,10574,2005,8,3,2,1043,Somerst,2Story,85.0,0.0
137500,1709,2522,2004,7,3,2,380,Edwards,2Story,24.0,50.0
197000,1247,3316,2005,8,1,1,550,Somerst,1Story,37.0,0.0
92900,1040,8544,1950,3,2,2,400,NAmes,1Story,60.0,0.0
160000,1252,2160,1999,7,2,2,462,Somerst,2Story,24.0,212.0
136500,1694,8400,1925,6,4,2,576,SWISU,1.5Fin,60.0,0.0
146000,1200,9230,1965,5,1,1,884,NAmes,1Story,71.0,166.0
129000,936,5868,1956,5,2,1,308,NAmes,1Story,74.0,0.0
176432,1314,9317,2006,6,3,2,440,CollgCr,1Story,78.0,0.0
127000,1355,6882,1914,6,3,1,0,IDOTRR,2Story,60.0,0.0
170000,1088,3696,1986,8,2,1,461,StoneBr,1Story,,0.0
128000,1324,6000,1936,4,3,1,240,BrkSide,1.5Fin,50.0,0.0
157000,1601,11880,1978,7,3,2,478,NWAmes,1Story,82.0,206.0
60000,438,8400,1920,2,1,1,246,SWISU,1Story,60.0,0.0
119500,950,9758,1971,5,3,1,280,NAmes,1Story,61.0,0.0
135000,1134,7000,1960,5,2,1,254,NAmes,1Story,70.0,45.0
159500,1194,8910,1959,6,3,1,539,NAmes,1Story,79.0,0.0
106000,1302,2016,1970,5,3,2,440,BrDale,2Story,24.0,304.0
325000,2622,12256,1994,8,3,2,712,NoRidge,2Story,98.0,362.0
179900,1442,10357,1990,7,3,2,719,SawyerW,1Story,114.0,0.0
274725,2021,23257,2006,7,3,2,422,Gilbert,2Story,168.0,0.0
181000,1690,8063,2000,6,3,2,463,Gilbert,2Story,,0.0
280000,1836,11362,2004,8,3,2,862,NridgHt,1Story,107.0,42.0
188000,1658,8000,1995,6,3,2,431,Gilbert,2Story,,0.0
205000,1964,10480,1976,7,4,2,483,NWAmes,2Story,80.0,660.0
129900,816,7100,1957,5,2,1,308,NAmes,1Story,73.0,0.0
134500,1008,8923,1953,5,2,1,240,NAmes,1Story,66.0,0.0
117000,833,5400,1954,5,2,1,326,OldTown,1Story,90.0,0.0
318000,1734,12085,2007,8,3,2,928,NridgHt,1Story,93.0,328.0
184100,1419,7750,2002,8,3,2,527,Gilbert,SLvl,,0.0
130000,894,9764,1967,5,3,1,450,Sawyer,1Story,57.0,0.0
140000,1601,13825,1958,5,3,1,300,Sawyer,SLvl,85.0,0.0
133700,1040,7560,1959,5,3,1,286,NAmes,1Story,70.0,0.0
118400,1012,8263,1920,6,2,1,308,IDOTRR,1Story,59.0,0.0
212900,1552,10084,2005,7,3,2,782,CollgCr,1Story,84.0,196.0
112000,960,8926,1956,4,3,1,288,Edwards,1Story,,0.0
118000,698,9405,1947,5,2,1,0,Edwards,1Story,50.0,0.0
163900,1482,9125,1992,7,3,2,392,Gilbert,SLvl,,170.0
115000,1005,10434,1955,4,2,1,672,NAmes,1Story,60.0,0.0
174000,1555,3684,2007,7,2,2,660,Blmngtn,1Story,53.0,130.0
259000,1530,14572,2004,7,3,2,630,Gilbert,1Story,182.0,0.0
215000,1959,11796,2004,7,4,2,434,Gilbert,2Story,59.0,0.0
140000,936,7200,1980,5,2,1,672,OldTown,SFoyer,60.0,180.0
135000,1981,7804,1928,4,4,2,576,SWISU,1.5Fin,65.0,0.0
93500,974,10712,1991,5,3,1,0,Mitchel,1Story,63.0,0.0
117500,2210,9900,1880,6,5,2,205,OldTown,2Story,90.0,0.0
239500,2020,9828,1995,8,3,2,466,SawyerW,2Story,80.0,0.0
169000,1600,8773,1997,6,3,2,460,Gilbert,2Story,57.0,0.0
102000,986,6180,1926,6,2,1,180,BrkSide,1Story,60.0,0.0
119000,1252,9600,1950,6,3,1,288,NAmes,1.5Fin,80.0,0.0
94000,1020,6342,1875,5,2,1,0,Sawyer,1.5Fin,54.0,0.0
196000,1567,9819,1977,6,2,2,714,Mitchel,1Story,,0.0
144000,1167,8731,1920,5,3,1,495,BrkSide,1Story,98.0,0.0
139000,952,7350,1951,5,2,1,840,NAmes,1Story,60.0,0.0
197500,1868,10304,1976,5,4,2,484,NWAmes,2Story,,44.0
424870,2828,9965,2006,8,4,3,1052,CollgCr,2Story,77.0,340.0
80000,1006,9000,1959,5,3,1,0,Sawyer,1Story,,0.0
80000,924,12180,1941,4,2,1,280,Edwards,1.5Fin,60.0,0.0
149000,1576,6240,1928,5,3,1,225,BrkSide,1.5Fin,52.0,0.0
180000,1298,11200,1985,6,3,2,403,SawyerW,1Story,,85.0
174500,1564,12000,1941,7,3,1,234,Crawfor,2Story,75.0,0.0
116900,1111,5700,1926,7,2,1,288,OldTown,1.5Fin,,0.0
143000,1482,9000,1920,7,3,1,324,OldTown,2Story,50.0,0.0
124000,932,8280,1950,6,2,1,306,NAmes,1Story,57.0,0.0
149900,1466,17755,1959,5,3,1,528,Edwards,1Story,134.0,132.0
230000,1811,14115,1956,6,2,1,470,Crawfor,1Story,90.0,0.0
120500,816,5890,1930,6,2,1,432,IDOTRR,1Story,,0.0
201800,1820,13700,1965,7,4,1,492,NAmes,2Story,,288.0
218000,1437,10768,1976,5,3,2,528,Veenker,1Story,90.0,0.0
179900,1265,9350,1965,5,3,2,502,NAmes,SLvl,85.0,0.0
230000,1314,5001,2007,7,2,2,626,NridgHt,1Story,34.0,166.0
235128,1580,11932,2007,8,3,2,830,Somerst,1Story,92.0,186.0
185000,1876,9120,1974,6,4,2,540,NWAmes,2Story,76.0,270.0
146000,1456,2280,1978,6,3,2,440,NPkVill,2Story,24.0,0.0
224000,1640,14778,1954,6,3,1,924,Crawfor,1Story,,72.0
129000,894,8724,1968,5,3,1,450,Sawyer,1Story,109.0,0.0
108959,1258,12900,1969,4,0,0,400,Sawyer,SFoyer,60.0,0.0
194000,1432,16157,1978,5,2,1,588,Veenker,SLvl,,0.0
233170,1502,9541,2009,7,3,2,644,NridgHt,1Story,79.0,268.0
245350,1694,10475,2008,8,3,2,776,CollgCr,1Story,64.0,72.0
173000,1671,10852,2000,6,3,2,472,Gilbert,2Story,58.0,0.0
235000,2108,13728,1935,6,4,2,540,Edwards,2Story,120.0,0.0
625000,3627,35760,1995,10,4,3,807,NoRidge,2Story,118.0,1378.0
171000,1118,9880,1977,6,3,1,358,Mitchel,SLvl,76.0,0.0
163000,1261,9120,1958,6,3,1,433,NAmes,1Story,76.0,0.0
171900,1250,4017,2006,7,2,2,625,Somerst,2Story,35.0,0.0
200500,3086,18030,1946,5,3,3,0,ClearCr,1.5Fin,138.0,0.0
239000,2345,16560,1932,6,4,2,360,Crawfor,2Story,80.0,0.0
285000,2872,10678,1992,8,4,2,541,NoRidge,1.5Fin,85.0,337.0
119500,923,6951,1984,5,3,1,264,Mitchel,1Story,37.0,0.0
115000,1224,3950,1926,6,3,1,210,OldTown,1.5Fin,,0.0
154900,1343,7681,1921,5,3,1,186,Crawfor,1.5Fin,54.0,0.0
93000,1124,8335,1954,5,3,1,0,Edwards,1Story,77.0,0.0
250000,2514,11170,1990,7,4,2,693,Timber,2Story,,0.0
392500,1652,5587,2008,8,2,2,482,Crawfor,1Story,64.0,186.0
745000,4476,15623,1996,10,4,3,813,NoRidge,2Story,160.0,0.0
120000,1130,10800,1920,5,2,1,720,OldTown,1Story,60.0,0.0
186700,1572,35133,1963,5,3,1,995,Timber,1Story,50.0,226.0
104900,1221,9738,1924,5,4,1,392,Edwards,1.5Fin,60.0,0.0
95000,1699,10615,1900,3,3,2,420,OldTown,2Story,107.0,0.0
262000,1624,12461,1994,8,2,2,757,NoRidge,1Story,89.0,0.0
195000,1660,8935,2002,7,3,2,493,CollgCr,2Story,68.0,95.0
189000,1804,7500,1999,7,3,2,442,Gilbert,2Story,60.0,0.0
168000,1622,32463,1961,4,3,1,1356,Mitchel,1Story,,149.0
174000,1441,2645,1999,8,2,2,492,Somerst,2Story,24.0,456.0
125000,1472,9600,1925,5,3,1,250,OldTown,1.5Fin,60.0,0.0
165000,1224,4500,1999,6,2,2,402,Mitchel,1Story,,425.0
158000,1352,9364,1969,6,4,1,299,Sawyer,2Story,80.0,143.0
176000,1456,8029,2005,6,3,2,400,Gilbert,2Story,51.0,0.0
219210,1863,14054,2006,7,4,2,660,Gilbert,2Story,58.0,0.0
144000,1690,8850,1916,7,3,1,225,OldTown,2.5Unf,65.0,0.0
178000,1212,9100,2001,7,3,2,573,CollgCr,1Story,70.0,0.0
148000,1382,11235,1963,4,3,1,459,Sawyer,1Story,75.0,51.0
116050,864,9353,1970,4,3,1,280,NAmes,1Story,71.0,0.0
197900,1779,10400,1998,7,3,2,546,CollgCr,2Story,80.0,0.0
117000,1348,6000,1925,5,3,1,216,BrkSide,1.5Fin,50.0,0.0
213000,1630,9750,2000,7,3,2,451,CollgCr,1Story,75.0,171.0
153500,1074,10140,1975,5,3,1,495,NWAmes,1Story,78.0,0.0
271900,2196,14684,1990,7,3,2,701,SawyerW,1Story,90.0,234.0
107000,1056,8900,1966,4,2,1,384,SawyerW,1Story,,0.0
200000,1700,9135,2003,6,3,2,544,CollgCr,1Story,70.0,120.0
140000,1283,7763,1962,5,3,1,506,NAmes,1Story,70.0,0.0
290000,1660,10182,2006,8,3,2,500,Somerst,1Story,85.0,420.0
189000,1845,11218,1992,6,3,2,462,SawyerW,2Story,70.0,0.0
164000,1752,12134,1988,8,4,2,492,Gilbert,1.5Fin,152.0,0.0
113000,672,9340,1941,4,2,1,234,Edwards,1Story,50.0,0.0
145000,960,10246,1965,4,0,0,364,Sawyer,SLvl,,0.0
134500,999,10205,1962,5,3,1,300,NAmes,SFoyer,69.0,0.0
125000,894,7094,1966,5,3,1,384,Sawyer,1Story,99.0,0.0
112000,1902,8930,1978,6,4,2,539,Sawyer,1.5Fin,68.0,0.0
229456,1314,8640,2009,8,3,2,552,Somerst,1Story,72.0,72.0
80500,912,6240,1947,4,2,1,0,BrkSide,1.5Fin,52.0,0.0
91500,1218,1680,1971,6,3,1,0,BrDale,2Story,21.0,236.0
115000,912,7800,1964,5,2,1,288,NAmes,1Story,66.0,0.0
134000,1211,8250,1968,5,3,1,322,Sawyer,1Story,55.0,0.0
143000,1846,10496,1949,6,3,2,315,NAmes,1.5Fin,78.0,320.0
137900,2136,10680,1951,5,4,2,528,NAmes,1Story,89.0,44.0
184000,1490,15384,2004,7,3,2,388,Gilbert,2Story,60.0,0.0
145000,1138,10482,1958,6,3,1,264,NAmes,SLvl,65.0,63.0
214000,1933,14598,2007,6,4,2,668,Somerst,2Story,86.0,74.0
147000,912,8872,1965,5,2,1,576,NAmes,1Story,72.0,300.0
367294,1702,8769,2008,9,1,1,1052,NridgHt,1Story,65.0,766.0
127000,1507,7910,1960,5,4,2,404,NAmes,SLvl,70.0,0.0
190000,2620,18890,1977,5,4,2,600,Sawyer,1.5Fin,,1.0
132500,1190,7728,1962,5,3,1,540,NAmes,SLvl,70.0,120.0
101800,1224,9842,1962,4,2,2,462,NAmes,1Story,70.0,0.0
142000,1188,12160,1959,5,3,1,531,NAmes,1Story,,180.0
130000,1964,8525,1911,5,4,1,0,SWISU,2Story,55.0,0.0
138887,1784,13132,1914,5,4,1,180,Crawfor,2Story,96.0,0.0
175500,1626,2628,2003,7,2,2,474,NridgHt,2Story,36.0,106.0
195000,1948,12393,2004,7,4,2,434,CollgCr,2Story,41.0,0.0
142500,1141,13072,2005,6,3,1,484,SawyerW,1Story,63.0,0.0
265900,1484,9037,2006,8,2,2,472,Timber,1Story,64.0,32.0
224900,1768,8158,2003,7,3,2,543,CollgCr,2Story,65.0,252.0
248328,1689,9849,2007,7,3,2,954,Somerst,1Story,83.0,0.0
170000,1173,10625,1974,7,3,2,528,NWAmes,SFoyer,85.0,81.0
465000,2076,13891,2006,10,2,2,850,NridgHt,1Story,107.0,
230000,1517,11435,1929,8,3,1,400,Crawfor,2Story,,0.0
178000,1868,12090,1984,6,3,3,477,NWAmes,SLvl,78.0,74.0
186500,1553,8125,2005,7,3,2,615,Somerst,2Story,65.0,0.0
169900,1034,12328,1976,6,3,1,888,Mitchel,SLvl,,335.0
129500,2058,9600,1917,6,3,1,396,OldTown,2.5Unf,60.0,0.0
119000,988,7200,1950,5,3,1,276,NAmes,1Story,60.0,0.0
244000,2110,11160,1968,7,3,2,522,NAmes,1Story,93.0,0.0
171750,1405,3136,2003,7,2,2,478,NridgHt,1Story,,163.0
130000,874,9858,1968,5,3,1,288,Mitchel,1Story,62.0,0.0
294000,2167,17542,1974,7,3,2,518,Veenker,2Story,,0.0
165400,1656,6931,2003,7,3,2,397,Edwards,2Story,60.0,92.0
127500,1367,6240,1931,6,3,1,560,BrkSide,1.5Fin,52.0,0.0
301500,1987,14303,1994,8,2,2,691,NoRidge,1Story,91.0,554.0
99900,864,4060,1922,5,2,1,0,Edwards,1Story,56.0,0.0
190000,1166,9587,2005,7,2,2,400,Gilbert,SLvl,59.0,182.0
151000,1054,9750,1969,6,3,1,460,NAmes,1Story,65.0,0.0
181000,1675,24682,1999,6,3,2,502,Gilbert,2Story,,0.0
128900,1050,9600,1956,5,2,1,338,NAmes,1Story,80.0,0.0
161500,1788,11250,1957,4,5,1,304,ClearCr,1.5Fin,,0.0
180500,1824,13515,1919,6,3,1,520,BrkSide,2Story,60.0,0.0
181000,1337,4060,1998,6,2,2,511,NAmes,1Story,34.0,0.0
183900,1452,3735,1999,7,3,2,506,Somerst,2Story,35.0,218.0
122000,1889,10120,1910,7,4,1,308,OldTown,2.5Unf,60.0,0.0
378500,2018,13214,2008,9,3,2,746,Timber,1Story,89.0,0.0
381000,3447,14100,1935,8,4,3,1014,Crawfor,1.5Fin,,632.0
144000,1524,11344,1958,5,3,1,315,NAmes,1.5Fin,78.0,180.0
260000,1524,23595,1979,7,0,0,586,ClearCr,1Story,,0.0
185750,1489,9156,1968,6,3,2,462,NWAmes,1Story,,0.0
137000,935,13526,1965,5,3,1,288,Sawyer,1Story,,114.0
177000,1357,11512,1959,6,2,1,312,Edwards,SLvl,124.0,84.0
139000,1250,5362,1910,5,3,2,552,Crawfor,1.5Fin,53.0,0.0
137000,1920,11345,1948,5,4,2,400,NAmes,2Story,95.0,567.0
162000,1395,12936,1972,6,3,1,497,NWAmes,2Story,,0.0
197900,1724,17871,1967,6,3,1,480,NWAmes,SLvl,,359.0
237000,2031,9473,2002,8,3,2,577,CollgCr,2Story,75.0,
68400,1128,7500,1920,4,2,1,528,IDOTRR,1.5Fin,60.0,0.0
227000,1573,9808,2002,7,3,2,544,CollgCr,1Story,67.0,110.0
180000,1339,8049,1990,7,2,2,484,Timber,1Story,50.0,54.0
150500,1040,8800,1977,5,3,2,484,CollgCr,1Story,61.0,0.0
139000,1824,9400,1971,6,4,2,0,Mitchel,2Story,94.0,0.0
169000,2447,9638,1919,6,4,2,336,SWISU,1.5Fin,50.0,0.0
132500,1412,6000,1939,6,4,1,280,BrkSide,1.5Fin,50.0,0.0
143000,1328,9790,1963,6,3,1,528,NWAmes,1Story,,451.0
190000,1582,36500,1964,5,4,2,390,ClearCr,1Story,,621.0
278000,1659,5664,2000,8,2,2,499,StoneBr,1Story,40.0,0.0
281000,1970,11065,2006,8,3,2,753,NridgHt,2Story,86.0,788.0
180500,1152,14112,1964,5,3,1,484,NAmes,SLvl,,86.0
119500,1302,1680,1972,5,3,2,264,BrDale,2Story,21.0,268.0
107500,2372,6600,1892,5,4,2,432,OldTown,2Story,60.0,0.0
162900,1664,10140,1976,7,4,2,528,NWAmes,2Story,78.0,0.0
115000,864,8172,1955,5,2,1,572,Edwards,1Story,60.0,0.0
138500,1052,8400,1968,5,3,1,288,NAmes,1Story,70.0,168.0
155000,1128,8700,1963,5,3,2,525,NAmes,1Story,80.0,148.0
140000,1072,3675,2005,6,2,2,525,Edwards,SFoyer,35.0,82.0
160000,5642,63887,2008,10,3,2,1418,Edwards,2Story,313.0,796.0
154000,1246,7500,1959,5,3,1,305,NAmes,1Story,75.0,0.0
225000,1983,10762,1999,7,3,2,490,Gilbert,2Story,,344.0
177500,1494,7500,1942,6,3,1,213,Crawfor,2Story,,0.0
290000,2526,10120,1994,8,4,2,844,NoRidge,2Story,92.0,391.0
232000,1616,8688,2005,7,3,2,834,Somerst,1Story,73.0,228.0
130000,1708,3363,2004,7,3,2,380,Edwards,2Story,32.0,117.0
325000,1652,13173,2006,9,2,2,840,NridgHt,1Story,108.0,300.0
202500,1368,6955,2005,7,2,2,474,NridgHt,1Story,48.0,94.0
138000,990,8072,1994,5,3,1,480,CollgCr,1Story,60.0,0.0
147000,1122,12000,1948,5,2,1,528,OldTown,1Story,100.0,0.0
179200,1294,7153,1991,6,3,2,496,SawyerW,1Story,,88.0
335000,1902,17500,1959,7,3,2,567,Crawfor,1Story,100.0,0.0
203000,1274,8814,2005,7,3,2,508,CollgCr,1Story,68.0,80.0
302000,2810,9572,1990,8,4,2,750,NoRidge,2Story,,336.0
333168,2599,14774,1999,9,4,2,779,NoRidge,2Story,108.0,165.0
119000,948,8190,1954,4,3,1,280,Edwards,1Story,60.0,0.0
206900,2112,11075,1969,6,4,2,576,NAmes,2Story,85.0,0.0
295493,1630,10226,2008,8,3,2,860,CollgCr,1Story,61.0,270.0
208900,1352,4230,2006,7,2,2,466,Somerst,1Story,47.0,0.0
275000,1787,14781,2001,8,3,2,748,CollgCr,1Story,,178.0
111000,948,10215,1954,4,3,1,248,Edwards,1Story,75.0,132.0
156500,1478,8400,1957,6,3,1,442,NAmes,1Story,70.0,0.0
72500,720,6627,1949,3,2,1,287,BrkSide,1Story,,0.0
190000,1923,10186,1992,7,3,2,564,NoRidge,2Story,107.0,0.0
82500,708,5330,1940,4,2,1,0,BrkSide,1Story,50.0,0.0
147000,1795,9986,2006,8,2,2,895,Somerst,1Story,75.0,428.0
55000,796,3636,1922,4,2,1,0,IDOTRR,1Story,40.0,0.0
79000,774,4270,1931,3,3,1,0,Edwards,1Story,70.0,0.0
130500,816,6600,1982,5,3,1,264,Mitchel,1Story,60.0,0.0
256000,2792,10440,1920,6,5,2,520,OldTown,1.5Fin,60.0,0.0
176500,1632,9084,1998,7,3,2,462,Gilbert,2Story,63.0,0.0
227000,1588,10000,2006,8,3,2,825,Somerst,1Story,85.0,410.0
132500,954,10780,1976,5,3,1,576,CollgCr,SLvl,55.0,0.0
100000,816,8877,1938,4,2,1,288,Edwards,1Story,67.0,0.0
125500,1360,7200,1938,5,2,1,297,IDOTRR,1.5Fin,60.0,0.0
125000,1365,2368,1970,5,3,1,440,BrDale,2Story,24.0,312.0
167900,1334,9650,1977,6,2,2,630,NWAmes,1Story,80.0,360.0
135000,1656,9246,1973,5,4,2,506,NWAmes,1Story,87.0,564.0
52500,693,4118,1941,4,2,1,0,OldTown,1Story,153.0,0.0
200000,1861,13450,2002,7,3,2,492,CollgCr,2Story,95.0,0.0
128500,864,9560,1972,5,3,1,288,CollgCr,1Story,120.0,0.0
123000,872,8294,1971,4,3,1,480,NAmes,1Story,70.0,0.0
155000,1114,13695,2003,6,3,1,576,SawyerW,1Story,66.0,0.0
228500,2169,9375,2002,8,3,2,647,CollgCr,2Story,,149.0
177000,1913,7558,1928,6,3,1,342,Crawfor,1.5Fin,57.0,0.0
155835,1456,11103,2006,7,3,2,440,CollgCr,2Story,85.0,0.0
108500,960,6000,1920,4,2,1,308,OldTown,1Story,50.0,0.0
262500,2156,20781,1968,7,3,2,508,NWAmes,1Story,,0.0
283463,1776,15306,2006,8,3,2,712,Timber,1Story,93.0,100.0
215000,1494,16196,1998,7,3,2,514,SawyerW,1Story,,0.0
122000,2358,5250,1872,8,4,2,0,OldTown,2Story,50.0,0.0
200000,2634,11643,1969,5,6,2,968,NAmes,2Story,91.0,368.0
171000,1716,9247,1962,6,4,1,490,NAmes,2Story,70.0,318.0
134900,1176,6000,1937,6,2,1,624,BrkSide,1.5Fin,50.0,0.0
410000,3238,14720,1995,8,4,2,666,NoRidge,1.5Fin,56.0,579.0
235000,1865,10316,2000,7,3,2,839,CollgCr,2Story,,0.0
170000,1920,10192,1968,7,4,3,487,NWAmes,SLvl,102.0,143.0
110000,892,9477,1966,5,3,1,264,NAmes,1Story,,65.0
149900,1078,12537,1971,5,3,1,500,NAmes,1Story,,0.0
177500,1573,2117,2000,6,3,2,440,Somerst,2Story,,216.0
315000,1980,16737,2004,9,3,2,770,NridgHt,1Story,129.0,66.0
189000,2601,9842,1921,5,4,3,621,SWISU,2Story,51.0,0.0
260000,1530,16158,2005,7,3,2,430,StoneBr,1Story,124.0,16.0
104900,1738,12513,1920,4,4,2,368,NAmes,1.5Fin,,0.0
156932,1412,8499,2006,6,3,2,432,Gilbert,2Story,73.0,0.0
144152,1200,3180,2005,7,2,2,480,Somerst,2Story,30.0,0.0
216000,1674,7500,2000,7,3,2,663,Somerst,2Story,,0.0
193000,1790,9179,1999,7,3,2,588,CollgCr,2Story,68.0,158.0
127000,1475,2665,1977,5,4,2,336,MeadowV,2Story,41.0,0.0
144000,848,4435,2003,6,1,1,420,CollgCr,1Story,,170.0
232000,1668,10635,2003,8,3,2,502,CollgCr,1Story,48.0,171.0
105000,1374,5400,1920,4,2,1,338,OldTown,1.5Fin,90.0,0.0
165500,1661,9600,1955,6,3,1,377,NAmes,SLvl,80.0,0.0
274300,2097,9750,1998,7,3,2,583,CollgCr,2Story,75.0,0.0
466500,2633,11400,2001,10,2,2,804,NoRidge,1Story,,705.0
250000,1958,10625,2005,7,3,2,936,Somerst,2Story,85.0,0.0
239000,1571,10991,2007,8,3,2,722,Timber,1Story,89.0,80.0
91000,790,6292,1930,6,2,1,160,SWISU,1Story,52.0,0.0
117000,1604,10998,1941,5,3,2,660,Edwards,1.5Fin,60.0,0.0
83000,987,1953,1973,6,2,1,264,BrDale,2Story,21.0,408.0
167500,1394,9735,2006,5,3,2,400,Timber,SLvl,73.0,0.0
58500,864,8212,1914,3,2,1,200,Edwards,1Story,45.0,0.0
237500,2117,12925,1970,6,4,2,550,NAmes,1Story,,0.0
157000,1762,7200,1920,7,4,1,576,OldTown,2Story,60.0,0.0
112000,1416,25339,1918,5,3,2,576,Sawyer,1Story,,0.0
105000,1258,9060,1939,6,2,1,280,Edwards,1.5Fin,60.0,0.0
125500,1154,5436,1922,4,3,1,240,IDOTRR,1.5Fin,40.0,0.0
250000,2784,16692,1978,7,5,3,564,NWAmes,2Story,80.0,184.0
136000,2526,8520,1916,6,5,2,216,OldTown,1.5Fin,60.0,0.0
377500,1746,14892,2006,9,3,2,758,Gilbert,1Story,42.0,160.0
131000,1218,6000,1941,6,3,1,440,BrkSide,1.5Fin,60.0,0.0
235000,1525,9100,2000,7,3,2,541,CollgCr,1Story,70.0,244.0
124000,1584,8944,1967,5,4,2,792,NAmes,1Story,65.0,0.0
123000,900,7838,1967,5,3,1,288,NAmes,SFoyer,68.0,0.0
163000,1912,10800,1905,6,3,2,672,OldTown,1.5Fin,60.0,0.0
246578,1500,4045,2006,7,2,2,648,Blmngtn,1Story,53.0,45.0
281213,2482,12665,2005,8,4,2,642,Timber,2Story,88.0,245.0
160000,1687,57200,1948,5,3,1,572,Timber,1Story,,0.0
137500,1513,6120,1920,5,4,1,180,BrkSide,2Story,51.0,0.0
138000,1904,7200,1950,5,3,1,240,NAmes,1.5Fin,60.0,0.0
137450,1608,6171,1925,6,3,2,216,SWISU,1.5Fin,51.0,0.0
120000,1158,6000,1929,6,3,1,208,BrkSide,1.5Fin,50.0,0.0
193000,1593,7415,2004,6,3,2,398,Gilbert,2Story,62.0,0.0
193879,1294,6762,2006,7,2,2,662,CollgCr,1Story,64.0,0.0
282922,1464,15256,2007,8,3,2,754,Somerst,1Story,49.0,84.0
105000,1214,10410,1915,3,3,1,936,OldTown,1.5Fin,60.0,0.0
275000,1646,3842,2004,8,2,2,482,Crawfor,1Story,44.0,174.0
133000,768,8445,1972,5,2,1,396,CollgCr,SFoyer,70.0,0.0
112000,833,8780,1985,5,3,1,0,Mitchel,1Story,,0.0
125500,1363,7740,1910,4,3,1,528,OldTown,2Story,60.0,0.0
215000,2093,20544,1986,7,3,2,542,NWAmes,2Story,46.0,123.0
230000,1840,12420,2001,7,3,2,622,CollgCr,2Story,79.0,0.0
140000,1668,9600,1950,6,3,1,271,NAmes,1.5Fin,80.0,0.0
90000,1040,7200,1949,4,2,2,420,NAmes,1Story,60.0,0.0
257000,1844,10994,2005,8,2,2,620,SawyerW,1Story,88.0,366.0
207000,1848,13053,1923,6,4,1,370,BrkSide,1.5Fin,64.0,0.0
175900,1569,3635,2007,7,1,2,660,Blmngtn,1Story,51.0,130.0
122500,2290,11340,1885,4,4,2,560,OldTown,2Story,60.0,0.0
340000,2450,16545,1998,8,3,2,1069,NoRidge,2Story,,731.0
124000,1144,9204,1963,5,3,1,336,NAmes,1Story,71.0,0.0
223000,1844,16381,1969,6,3,2,540,Crawfor,1Story,,312.0
179900,1416,11700,1968,6,3,2,776,NWAmes,2Story,90.0,420.0
127500,1069,4043,1977,6,2,2,440,NPkVill,1Story,53.0,0.0
136500,848,4435,2003,6,1,1,420,CollgCr,1Story,37.0,170.0
274970,2201,19690,1966,6,4,2,432,Edwards,SLvl,,0.0
144000,1344,9503,1958,5,2,1,484,NAmes,1Story,,0.0
142000,1252,10721,1959,6,3,1,528,NAmes,1Story,80.0,243.0
271000,2127,10944,1994,7,3,2,525,NoRidge,2Story,81.0,448.0
140000,1558,10930,1945,5,3,1,288,NAmes,1.5Fin,60.0,0.0
119000,804,7200,1940,5,2,1,240,OldTown,1Story,60.0,294.0
182900,1440,12546,1981,6,3,2,467,NWAmes,1Story,,310.0
192140,1838,21930,2005,5,4,2,372,Gilbert,2Story,60.0,0.0
143750,958,4928,1976,6,2,2,440,NPkVill,1Story,,0.0
64500,968,10800,1927,4,4,2,216,OldTown,1Story,60.0,0.0
186500,1792,10261,2000,6,3,2,451,Gilbert,2Story,93.0,318.0
160000,1126,17400,1977,5,3,2,484,Mitchel,1Story,80.0,0.0
174000,1537,8400,1962,6,3,1,462,NAmes,1Story,80.0,237.0
120500,864,9000,1971,4,3,1,528,NAmes,1Story,60.0,0.0
394617,1932,12444,2008,8,2,2,774,NridgHt,1Story,96.0,426.0
149700,1236,7407,1957,6,2,1,923,OldTown,1Story,90.0,0.0
197000,1725,11584,1979,7,3,2,550,NWAmes,SLvl,80.0,96.0
191000,2555,11526,1922,6,3,2,672,Crawfor,2.5Fin,79.0,0.0
149300,848,4426,2004,6,1,1,420,CollgCr,1Story,,147.0
310000,2007,11003,2008,10,3,2,812,Somerst,2Story,85.0,160.0
121000,952,8854,1916,6,2,1,192,BrkSide,1.5Unf,,0.0
179600,1422,8500,2004,7,3,2,626,CollgCr,1Story,63.0,106.0
129000,913,8400,1966,6,3,1,240,Sawyer,SFoyer,70.0,0.0
157900,1188,26142,1962,5,3,1,312,Mitchel,1Story,,189.0
240000,2090,10000,1995,8,3,2,556,CollgCr,2Story,80.0,438.0
112000,1346,11767,1910,4,2,1,384,Edwards,2Story,70.0,0.0
92000,630,1533,1970,5,1,1,0,MeadowV,SFoyer,21.0,0.0
136000,1792,9000,1974,5,4,2,0,NAmes,2Story,60.0,0.0
287090,1578,9262,2008,8,3,2,840,Somerst,1Story,78.0,194.0
145000,1072,3675,2005,5,2,1,525,Edwards,SLvl,35.0,80.0
84500,1140,17217,2006,5,3,1,0,Mitchel,1Story,90.0,0.0
185000,1221,7500,2004,7,2,2,400,Somerst,1Story,62.0,0.0
175000,1647,7917,1999,6,3,2,460,Gilbert,2Story,62.0,0.0
210000,2073,13175,1978,6,3,2,500,NWAmes,1Story,85.0,119.0
266500,2340,9042,1941,7,4,2,252,Crawfor,2Story,66.0,0.0
142125,1078,9717,1950,5,2,1,240,NAmes,1Story,68.0,0.0
147500,1256,9937,1965,5,3,1,276,Edwards,1Story,75.0,0.0
